status,error,run_timestamp_utc,m,n,k,dtype,gemm_steps_per_phase,norm_steps_per_phase,cycles,target_active_s,analysis_window_s,probe_cycle_ms,active_cuda_ms,active_wall_s,tail_start_cuda_ms,tail_end_cuda_ms,tail_window_cuda_ms,gemm_phase_count_total,norm_phase_count_total,gemm_phase_count_tail,norm_phase_count_tail,gemm_phase_cuda_total_ms_tail,norm_phase_cuda_total_ms_tail,avg_gemm_phase_ms_tail,avg_norm_phase_ms_tail,gemm_units_tail,norm_units_tail,gemm_flops_per_unit,gemm_tflops_s_tail,avg_power_watts_tail,max_power_watts_tail,min_power_watts_tail,avg_gpu_clock_mhz_tail,max_gpu_clock_mhz_tail,min_gpu_clock_mhz_tail,monitor_sample_count_tail,avg_gemm_phase_power_watts_tail,avg_norm_phase_power_watts_tail,avg_gemm_phase_clock_mhz_tail,avg_norm_phase_clock_mhz_tail,monitor_csv,phase_events_csv,eps
ok,,2026-04-28T17:26:23.076968Z,8192,8192,32768,bfloat16,1,8,1076,32.0,20.0,35.70790481567383,38870.24609375,38.87026810646057,18870.24609375,38870.24609375,20000.0,1076,1076,553,554,18212.096981048584,1758.899225473404,32.933267596832884,3.174908349229971,553,4432,8796093022208.0,267.0883779249982,397.744193877551,436.93,359.07,1267.4005102040817,1290.0,1245.0,1960,397.7790039180229,397.50861878453037,1267.3372513562388,1267.2099447513813,/home/cage/wattserve/results/two_gemm_norm_steady_window_sweep/20260428T172623Z/monitor/g1_n8.csv,/home/cage/wattserve/results/two_gemm_norm_steady_window_sweep/20260428T172623Z/phase_events/g1_n8.csv,1e-06
ok,,2026-04-28T17:27:04.116567Z,8192,8192,32768,bfloat16,1,16,972,32.0,20.0,39.52742385864258,37959.3515625,37.959433794021606,17959.3515625,37959.3515625,20000.0,972,972,512,513,16706.320400238037,3261.677556037903,32.629532031714916,6.3580459182025395,512,8208,8796093022208.0,269.57459928197756,395.9379030612245,449.39,347.68,1278.0994897959183,1305.0,1260.0,1960,396.1093880208333,394.33139318885446,1278.02490234375,1279.3188854489165,/home/cage/wattserve/results/two_gemm_norm_steady_window_sweep/20260428T172623Z/monitor/g1_n16.csv,/home/cage/wattserve/results/two_gemm_norm_steady_window_sweep/20260428T172623Z/phase_events/g1_n16.csv,1e-06
ok,,2026-04-28T17:27:43.082643Z,8192,8192,32768,bfloat16,1,32,838,32.0,20.0,45.87724685668945,37529.4140625,37.52952527999878,17529.4140625,37529.4140625,20000.0,838,838,447,448,14291.195865631104,5701.44562625885,31.97135540409643,12.726441130042076,447,14336,8796093022208.0,275.1241826013099,388.7212404287902,458.04,319.44,1301.7993874425727,1335.0,1260.0,1959,388.7190958240119,389.22683035714283,1301.9183445190156,1301.1160714285713,/home/cage/wattserve/results/two_gemm_norm_steady_window_sweep/20260428T172623Z/monitor/g1_n32.csv,/home/cage/wattserve/results/two_gemm_norm_steady_window_sweep/20260428T172623Z/phase_events/g1_n32.csv,1e-06
ok,,2026-04-28T17:28:21.552648Z,8192,8192,32768,bfloat16,1,64,655,32.0,20.0,58.631168365478516,37104.171875,37.1042754650116,17104.171875,37104.171875,20000.0,655,655,353,353,10989.893629074097,8991.169542312622,31.132843141852966,25.47073524734454,353,22592,8796093022208.0,282.53420293577705,380.9093791348601,478.02,280.71,1326.6412213740457,1365.0,1260.0,1965,381.4699055712937,379.94782341831916,1325.4036827195469,1328.0240793201133,/home/cage/wattserve/results/two_gemm_norm_steady_window_sweep/20260428T172623Z/monitor/g1_n64.csv,/home/cage/wattserve/results/two_gemm_norm_steady_window_sweep/20260428T172623Z/phase_events/g1_n64.csv,1e-06
ok,,2026-04-28T17:28:59.478933Z,8192,8192,32768,bfloat16,1,128,457,32.0,20.0,84.12774658203125,37192.234375,37.1923348903656,17192.234375,37192.234375,20000.0,457,457,246,246,7459.184642791748,12537.01530456543,30.321888791836376,50.963476847826946,246,31488,8796093022208.0,290.0905376506819,370.71429153924566,538.61,265.65,1347.6223241590214,1395.0,1275.0,1962,367.55845528455285,372.33108943089434,1352.8556910569105,1344.3658536585365,/home/cage/wattserve/results/two_gemm_norm_steady_window_sweep/20260428T172623Z/monitor/g1_n128.csv,/home/cage/wattserve/results/two_gemm_norm_steady_window_sweep/20260428T172623Z/phase_events/g1_n128.csv,1e-06
ok,,2026-04-28T17:29:37.388976Z,8192,8192,32768,bfloat16,1,512,162,32.0,20.0,237.71136474609375,37926.7109375,37.92679262161255,17926.7109375,37926.7109375,20000.0,162,162,85,85,2551.8745651245117,17349.46405029297,30.022053707347197,204.11134176815258,85,43520,8796093022208.0,292.98771856021835,321.6496994396332,521.33,255.27,1381.8110035659704,1410.0,1275.0,1963,291.9073137254902,325.550380495356,1404.1764705882354,1378.4572091994692,/home/cage/wattserve/results/two_gemm_norm_steady_window_sweep/20260428T172623Z/monitor/g1_n512.csv,/home/cage/wattserve/results/two_gemm_norm_steady_window_sweep/20260428T172623Z/phase_events/g1_n512.csv,1e-06
ok,,2026-04-28T17:30:16.004898Z,8192,8192,32768,bfloat16,1,1024,87,32.0,20.0,441.459716796875,38130.7109375,38.130783796310425,18130.7109375,38130.7109375,20000.0,87,87,45,45,1347.6700134277344,18375.386199951172,29.94822252061632,408.34191555447046,45,46080,8796093022208.0,293.7100195563453,309.02722873153334,539.47,256.12,1395.1604686704025,1410.0,1275.0,1963,299.34355555555555,309.6358334688347,1409.2222222222222,1393.9532520325204,/home/cage/wattserve/results/two_gemm_norm_steady_window_sweep/20260428T172623Z/monitor/g1_n1024.csv,/home/cage/wattserve/results/two_gemm_norm_steady_window_sweep/20260428T172623Z/phase_events/g1_n1024.csv,1e-06
ok,,2026-04-28T17:30:54.985334Z,8192,8192,32768,bfloat16,1,2048,46,32.0,20.0,850.0223999023438,38949.55859375,38.94963192939758,18949.55859375,38949.55859375,20000.0,46,46,23,23,688.5744609832764,18786.07879638672,29.938020042751145,816.7860346255095,23,47104,8796093022208.0,293.8101120129949,302.74343352012227,529.97,272.87,1402.9164544065206,1410.0,1275.0,1963,297.4304347826087,303.15196517713366,1408.9130434782608,1402.4996980676328,/home/cage/wattserve/results/two_gemm_norm_steady_window_sweep/20260428T172623Z/monitor/g1_n2048.csv,/home/cage/wattserve/results/two_gemm_norm_steady_window_sweep/20260428T172623Z/phase_events/g1_n2048.csv,1e-06
ok,,2026-04-28T17:31:35.166258Z,8192,8192,32768,bfloat16,1,4096,24,32.0,20.0,1667.23583984375,39927.765625,39.92783045768738,19927.765625,39927.765625,20000.0,24,24,12,12,359.60319900512695,19604.658081054688,29.966933250427246,1633.7215067545574,12,49152,8796093022208.0,293.52663312928735,298.1360163015792,514.94,272.91,1405.7131940906775,1410.0,1290.0,1963,294.24833333333333,298.2180784808489,1410.0,1405.630725931677,/home/cage/wattserve/results/two_gemm_norm_steady_window_sweep/20260428T172623Z/monitor/g1_n4096.csv,/home/cage/wattserve/results/two_gemm_norm_steady_window_sweep/20260428T172623Z/phase_events/g1_n4096.csv,1e-06
ok,,2026-04-28T17:32:17.130168Z,8192,8192,32768,bfloat16,2,8,545,32.0,20.0,70.58432006835938,38158.0234375,38.158129930496216,18158.0234375,38158.0234375,20000.0,545,545,286,287,19077.524490356445,912.0307216644287,66.70463108516239,3.177807392558985,572,2296,8796093022208.0,263.7326038420915,397.95392566191447,425.96,356.44,1252.1563136456211,1275.0,1215.0,1964,397.9153787878788,399.2263440860215,1252.2477522477523,1252.258064516129,/home/cage/wattserve/results/two_gemm_norm_steady_window_sweep/20260428T172623Z/monitor/g2_n8.csv,/home/cage/wattserve/results/two_gemm_norm_steady_window_sweep/20260428T172623Z/phase_events/g2_n8.csv,1e-06
ok,,2026-04-28T17:32:56.059614Z,8192,8192,32768,bfloat16,2,16,528,32.0,20.0,72.74393463134766,38332.19921875,38.33237290382385,18332.19921875,38332.19921875,20000.0,528,528,275,276,18207.136680603027,1756.9658799171448,66.20776974764738,6.365818405496901,550,4416,8796093022208.0,265.7118056002954,396.71032077393073,436.07,343.65,1260.465885947047,1290.0,1245.0,1964,396.6086008658009,397.70617142857145,1260.6454545454546,1259.142857142857,/home/cage/wattserve/results/two_gemm_norm_steady_window_sweep/20260428T172623Z/monitor/g2_n16.csv,/home/cage/wattserve/results/two_gemm_norm_steady_window_sweep/20260428T172623Z/phase_events/g2_n16.csv,1e-06
ok,,2026-04-28T17:33:35.152142Z,8192,8192,32768,bfloat16,2,32,487,32.0,20.0,78.98931121826172,38147.9921875,38.148118019104004,18147.9921875,38147.9921875,20000.0,487,487,255,256,16723.594261169434,3261.3621740341187,65.58272259282131,12.739695992320776,510,8192,8796093022208.0,268.24421660014525,394.28373727087575,454.01,305.55,1269.9821792260693,1320.0,1230.0,1964,393.76259757236227,396.72521484375,1270.8081232492998,1266.064453125,/home/cage/wattserve/results/two_gemm_norm_steady_window_sweep/20260428T172623Z/monitor/g2_n32.csv,/home/cage/wattserve/results/two_gemm_norm_steady_window_sweep/20260428T172623Z/phase_events/g2_n32.csv,1e-06
ok,,2026-04-28T17:34:14.042979Z,8192,8192,32768,bfloat16,2,64,419,32.0,20.0,91.79443359375,37682.2109375,37.68233799934387,17682.2109375,37682.2109375,20000.0,419,419,222,223,14303.972358703613,5683.401735305786,64.43230792208834,25.486106436348816,444,14272,8796093022208.0,273.0336163914616,387.27321792260693,477.12,263.92,1285.4709775967412,1350.0,1230.0,1964,386.92885564135565,387.96180119581464,1286.7487129987128,1282.286995515695,/home/cage/wattserve/results/two_gemm_norm_steady_window_sweep/20260428T172623Z/monitor/g2_n64.csv,/home/cage/wattserve/results/two_gemm_norm_steady_window_sweep/20260428T172623Z/phase_events/g2_n64.csv,1e-06
ok,,2026-04-28T17:34:52.427262Z,8192,8192,32768,bfloat16,2,128,328,32.0,20.0,117.20909118652344,37498.09765625,37.49821591377258,17498.09765625,37498.09765625,20000.0,328,328,174,175,11021.024242401123,8919.69331741333,63.3392197839145,50.969676099504746,348,22400,8796093022208.0,277.74554382628617,374.8053846153846,508.93,262.75,1310.3489556800814,1380.0,1230.0,1963,376.0507772304324,373.3670495238095,1311.0529556650247,1309.5342857142857,/home/cage/wattserve/results/two_gemm_norm_steady_window_sweep/20260428T172623Z/monitor/g2_n128.csv,/home/cage/wattserve/results/two_gemm_norm_steady_window_sweep/20260428T172623Z/phase_events/g2_n128.csv,1e-06
ok,,2026-04-28T17:35:30.606218Z,8192,8192,32768,bfloat16,2,512,142,32.0,20.0,271.214599609375,37888.16796875,37.88826584815979,17888.16796875,37888.16796875,20000.0,142,142,74,75,4647.600112915039,15307.262985229492,62.80540693128431,204.0968398030599,148,38400,8796093022208.0,280.10623454225356,331.8076183206107,562.87,259.03,1359.7022900763359,1410.0,1230.0,1965,297.550814028314,342.47261904761905,1393.7403474903474,1349.4790476190476,/home/cage/wattserve/results/two_gemm_norm_steady_window_sweep/20260428T172623Z/monitor/g2_n512.csv,/home/cage/wattserve/results/two_gemm_norm_steady_window_sweep/20260428T172623Z/phase_events/g2_n512.csv,1e-06
ok,,2026-04-28T17:36:09.218213Z,8192,8192,32768,bfloat16,2,1024,81,32.0,20.0,474.956787109375,38141.0,38.14108490943909,18141.0,38141.0,20000.0,81,81,42,42,2631.764995574951,17148.291107177734,62.66107132321312,408.2926454089937,84,43008,8796093022208.0,280.75144061411663,316.49048904737646,518.7,265.11,1381.7804381049414,1410.0,1230.0,1963,305.570447845805,318.4718797388249,1397.142857142857,1379.1366367372464,/home/cage/wattserve/results/two_gemm_norm_steady_window_sweep/20260428T172623Z/monitor/g2_n1024.csv,/home/cage/wattserve/results/two_gemm_norm_steady_window_sweep/20260428T172623Z/phase_events/g2_n1024.csv,1e-06
ok,,2026-04-28T17:36:48.239629Z,8192,8192,32768,bfloat16,2,2048,44,32.0,20.0,883.3433837890625,38688.21875,38.68829345703125,18688.21875,38688.21875,20000.0,44,44,22,22,1376.2314224243164,17967.08660888672,62.555973746559836,816.6857549493963,44,45056,8796093022208.0,281.2231189252882,307.8471195928753,558.53,263.34,1395.7251908396947,1410.0,1230.0,1965,309.07646103896104,308.09686637205385,1396.2012987012988,1395.2319023569023,/home/cage/wattserve/results/two_gemm_norm_steady_window_sweep/20260428T172623Z/monitor/g2_n2048.csv,/home/cage/wattserve/results/two_gemm_norm_steady_window_sweep/20260428T172623Z/phase_events/g2_n2048.csv,1e-06
ok,,2026-04-28T17:37:28.200118Z,8192,8192,32768,bfloat16,2,4096,23,32.0,20.0,1702.8577880859375,39015.10546875,39.01519751548767,19015.10546875,39015.10546875,20000.0,23,23,11,11,689.972225189209,17968.756713867188,62.72474774447355,1633.5233376242898,22,45056,8796093022208.0,280.4664295515798,305.16094291539247,521.33,245.68,1400.7645259938838,1410.0,1230.0,1962,302.849696969697,305.6352753740825,1400.6818181818182,1400.0644586391868,/home/cage/wattserve/results/two_gemm_norm_steady_window_sweep/20260428T172623Z/monitor/g2_n4096.csv,/home/cage/wattserve/results/two_gemm_norm_steady_window_sweep/20260428T172623Z/phase_events/g2_n4096.csv,1e-06
ok,,2026-04-28T17:38:09.288766Z,8192,8192,32768,bfloat16,4,8,283,32.0,20.0,135.88479614257812,38867.73046875,38.867865324020386,18867.73046875,38867.73046875,20000.0,283,283,145,146,19438.486587524414,464.2754497528076,134.05852818982353,3.17996883392334,580,1168,8796093022208.0,262.4553063794032,397.3283198789102,423.8,357.84,1245.143794147326,1275.0,1215.0,1982,397.27436832133384,401.27428571428567,1245.3455854490337,1241.6326530612246,/home/cage/wattserve/results/two_gemm_norm_steady_window_sweep/20260428T172623Z/monitor/g4_n8.csv,/home/cage/wattserve/results/two_gemm_norm_steady_window_sweep/20260428T172623Z/phase_events/g4_n8.csv,1e-06
ok,,2026-04-28T17:38:48.831908Z,8192,8192,32768,bfloat16,4,16,275,32.0,20.0,140.01869201660156,38554.13671875,38.55427813529968,18554.13671875,38554.13671875,20000.0,275,275,142,143,18996.703186035156,910.474235534668,133.77959990165604,6.366952696046629,568,2288,8796093022208.0,263.00252142102914,397.5352393075356,445.17,341.85,1247.825865580448,1290.0,1215.0,1964,397.3266785327349,399.18875,1248.041905277821,1244.4886363636363,/home/cage/wattserve/results/two_gemm_norm_steady_window_sweep/20260428T172623Z/monitor/g4_n16.csv,/home/cage/wattserve/results/two_gemm_norm_steady_window_sweep/20260428T172623Z/phase_events/g4_n16.csv,1e-06
ok,,2026-04-28T17:39:28.059615Z,8192,8192,32768,bfloat16,4,32,262,32.0,20.0,146.8221435546875,38108.859375,38.10900020599365,18108.859375,38108.859375,20000.0,262,262,137,138,18169.843719482422,1758.3124465942383,132.62659649257242,12.741394540537959,548,4416,8796093022208.0,265.2889617868046,397.5520763358778,446.17,303.52,1257.8396946564885,1305.0,1230.0,1965,397.457077885618,400.0698913043478,1258.6983636801156,1250.054347826087,/home/cage/wattserve/results/two_gemm_norm_steady_window_sweep/20260428T172623Z/monitor/g4_n32.csv,/home/cage/wattserve/results/two_gemm_norm_steady_window_sweep/20260428T172623Z/phase_events/g4_n32.csv,1e-06
ok,,2026-04-28T17:40:06.837650Z,8192,8192,32768,bfloat16,4,64,242,32.0,20.0,159.27296447753906,37982.98828125,37.983137130737305,17982.98828125,37982.98828125,20000.0,242,242,127,128,16690.847717285156,3262.0410766601562,131.42399777389886,25.48469591140747,508,8192,8796093022208.0,267.71649534937296,393.33791708796764,486.12,266.82,1268.8119312436804,1350.0,1230.0,1978,392.51486638689397,397.25049479166665,1272.4810720775288,1249.453125,/home/cage/wattserve/results/two_gemm_norm_steady_window_sweep/20260428T172623Z/monitor/g4_n64.csv,/home/cage/wattserve/results/two_gemm_norm_steady_window_sweep/20260428T172623Z/phase_events/g4_n64.csv,1e-06
ok,,2026-04-28T17:40:45.485980Z,8192,8192,32768,bfloat16,4,128,208,32.0,20.0,185.0603485107422,37752.96484375,37.75308537483215,17752.96484375,37752.96484375,20000.0,208,208,110,110,14361.480163574219,5607.080959320068,130.55891057794744,50.97346326654608,440,14080,8796093022208.0,269.490392751293,384.1475763747454,491.35,264.79,1285.7459266802443,1380.0,1230.0,1964,376.2084679487179,404.4380545454546,1297.9860139860139,1254.6545454545455,/home/cage/wattserve/results/two_gemm_norm_steady_window_sweep/20260428T172623Z/monitor/g4_n128.csv,/home/cage/wattserve/results/two_gemm_norm_steady_window_sweep/20260428T172623Z/phase_events/g4_n128.csv,1e-06
ok,,2026-04-28T17:41:23.909586Z,8192,8192,32768,bfloat16,4,512,114,32.0,20.0,338.18316650390625,38045.57421875,38.04571771621704,18045.57421875,38045.57421875,20000.0,114,114,59,60,7649.926132202148,12245.569564819336,129.6597649525788,204.09282608032225,236,30720,8796093022208.0,271.35921541813826,344.8483553971487,548.45,259.35,1338.3299389002036,1410.0,1230.0,1964,332.19578009561064,353.3043412698413,1346.6558018252933,1333.2577380952382,/home/cage/wattserve/results/two_gemm_norm_steady_window_sweep/20260428T172623Z/monitor/g4_n512.csv,/home/cage/wattserve/results/two_gemm_norm_steady_window_sweep/20260428T172623Z/phase_events/g4_n512.csv,1e-06
ok,,2026-04-28T17:42:02.718155Z,8192,8192,32768,bfloat16,4,1024,72,32.0,20.0,540.76416015625,38719.5390625,38.71966290473938,18719.5390625,38719.5390625,20000.0,72,72,37,37,4791.239700317383,15107.294158935547,129.4929648734428,408.30524753879854,148,37888,8796093022208.0,271.70875362394173,324.70305498981674,477.48,262.2,1366.7642566191446,1410.0,1245.0,1964,333.59191614691616,322.07598022412657,1350.5431392931393,1371.5925346077786,/home/cage/wattserve/results/two_gemm_norm_steady_window_sweep/20260428T172623Z/monitor/g4_n1024.csv,/home/cage/wattserve/results/two_gemm_norm_steady_window_sweep/20260428T172623Z/phase_events/g4_n1024.csv,1e-06
ok,,2026-04-28T17:42:42.384493Z,8192,8192,32768,bfloat16,4,2048,41,32.0,20.0,949.2234497070312,38792.625,38.792733907699585,18792.625,38792.625,20000.0,41,41,21,21,2718.09228515625,17152.16290283203,129.43296595982142,816.7696620396206,84,43008,8796093022208.0,271.83470476720686,309.26727959697735,532.85,263.34,1384.5188916876575,1410.0,1245.0,1985,323.7020054945055,307.0386622037252,1346.6712454212454,1390.3492896932937,/home/cage/wattserve/results/two_gemm_norm_steady_window_sweep/20260428T172623Z/monitor/g4_n2048.csv,/home/cage/wattserve/results/two_gemm_norm_steady_window_sweep/20260428T172623Z/phase_events/g4_n2048.csv,1e-06
ok,,2026-04-28T17:43:22.505076Z,8192,8192,32768,bfloat16,4,4096,22,32.0,20.0,1766.16650390625,38782.43359375,38.78251123428345,18782.43359375,38782.43359375,20000.0,22,22,11,11,1423.2453155517578,17969.185913085938,129.38593777743253,1633.5623557350852,44,45056,8796093022208.0,271.93350910634166,298.21022912423626,524.21,234.72,1396.7948065173116,1410.0,1245.0,1964,345.94823426573424,294.7577125211745,1350.839160839161,1400.0089815076228,/home/cage/wattserve/results/two_gemm_norm_steady_window_sweep/20260428T172623Z/monitor/g4_n4096.csv,/home/cage/wattserve/results/two_gemm_norm_steady_window_sweep/20260428T172623Z/phase_events/g4_n4096.csv,1e-06
ok,,2026-04-28T17:44:03.422135Z,8192,8192,32768,bfloat16,8,8,144,32.0,20.0,268.0791015625,38797.97265625,38.79808497428894,18797.97265625,38797.97265625,20000.0,144,144,74,75,19718.1328125,238.21005129814148,266.46125422297297,3.176134017308553,592,600,8796093022208.0,264.0862153969294,398.1963238289205,426.38,362.14,1252.7520366598778,1275.0,1215.0,1964,398.20068356818354,397.3442857142857,1252.7096327096328,1255.7142857142858,/home/cage/wattserve/results/two_gemm_norm_steady_window_sweep/20260428T172623Z/monitor/g8_n8.csv,/home/cage/wattserve/results/two_gemm_norm_steady_window_sweep/20260428T172623Z/phase_events/g8_n8.csv,1e-06
ok,,2026-04-28T17:44:42.931833Z,8192,8192,32768,bfloat16,8,16,142,32.0,20.0,271.2586364746094,38685.4453125,38.68562316894531,18685.4453125,38685.4453125,20000.0,142,142,73,74,19420.45687866211,470.80140495300293,266.03365587208367,6.362181148013553,584,1184,8796093022208.0,264.5106836087658,397.7486615776081,431.59,336.46,1255.5343511450383,1305.0,1230.0,1965,397.7302052843149,398.6309756097561,1255.5851188385434,1256.7073170731708,/home/cage/wattserve/results/two_gemm_norm_steady_window_sweep/20260428T172623Z/monitor/g8_n16.csv,/home/cage/wattserve/results/two_gemm_norm_steady_window_sweep/20260428T172623Z/phase_events/g8_n16.csv,1e-06
ok,,2026-04-28T17:45:22.345925Z,8192,8192,32768,bfloat16,8,32,139,32.0,20.0,277.61663818359375,38614.9296875,38.615113735198975,18614.9296875,38614.9296875,20000.0,139,139,72,72,19081.390197753906,916.6991376876831,265.0193083021376,12.731932467884487,576,2304,8796093022208.0,265.52308444424546,397.633582697201,444.85,304.97,1262.030534351145,1320.0,1230.0,1965,397.6386088714783,397.986875,1262.3079772079773,1257.1875,/home/cage/wattserve/results/two_gemm_norm_steady_window_sweep/20260428T172623Z/monitor/g8_n32.csv,/home/cage/wattserve/results/two_gemm_norm_steady_window_sweep/20260428T172623Z/phase_events/g8_n32.csv,1e-06
ok,,2026-04-28T17:46:01.686916Z,8192,8192,32768,bfloat16,8,64,133,32.0,20.0,290.3480224609375,38469.01171875,38.46915531158447,18469.01171875,38469.01171875,20000.0,133,133,69,70,18205.64273071289,1782.9386253356934,263.84989464801293,25.470551790509905,552,4480,8796093022208.0,266.6999138716311,396.63555158324823,476.03,267.1,1266.8488253319715,1350.0,1245.0,1958,396.37362006688966,399.4047380952381,1267.7053511705685,1258.3214285714287,/home/cage/wattserve/results/two_gemm_norm_steady_window_sweep/20260428T172623Z/monitor/g8_n64.csv,/home/cage/wattserve/results/two_gemm_norm_steady_window_sweep/20260428T172623Z/phase_events/g8_n64.csv,1e-06
ok,,2026-04-28T17:46:40.891178Z,8192,8192,32768,bfloat16,8,128,122,32.0,20.0,315.8425598144531,38335.125,38.33526277542114,18335.125,38335.125,20000.0,122,122,63,64,16585.282592773438,3261.283348083496,263.25845385354665,50.95755231380463,504,8192,8796093022208.0,267.2990863070663,388.9716997455471,497.4,262.79,1277.2900763358778,1380.0,1245.0,1965,388.04787887667885,395.76690625,1279.8468864468864,1266.0,/home/cage/wattserve/results/two_gemm_norm_steady_window_sweep/20260428T172623Z/monitor/g8_n128.csv,/home/cage/wattserve/results/two_gemm_norm_steady_window_sweep/20260428T172623Z/phase_events/g8_n128.csv,1e-06
ok,,2026-04-28T17:47:19.982602Z,8192,8192,32768,bfloat16,8,512,82,32.0,20.0,468.9715270996094,38209.4140625,38.20953178405762,18209.4140625,38209.4140625,20000.0,82,82,42,43,10991.73779296875,8775.418853759766,261.70804268973217,204.07950822697129,336,22016,8796093022208.0,268.8826199395394,360.53224427480916,530.0,265.11,1314.7404580152672,1410.0,1215.0,1965,372.12538388278386,344.7715249169435,1302.326923076923,1331.0539867109635,/home/cage/wattserve/results/two_gemm_norm_steady_window_sweep/20260428T172623Z/monitor/g8_n512.csv,/home/cage/wattserve/results/two_gemm_norm_steady_window_sweep/20260428T172623Z/phase_events/g8_n512.csv,1e-06
ok,,2026-04-28T17:47:59.071236Z,8192,8192,32768,bfloat16,8,1024,58,32.0,20.0,673.1212768554688,38872.60546875,38.872700929641724,18872.60546875,38872.60546875,20000.0,58,58,29,30,7588.0662841796875,12248.16943359375,261.6574580751616,408.272314453125,232,30720,8796093022208.0,268.9346013498703,337.57002544529263,557.08,244.9,1346.175572519084,1410.0,1245.0,1965,377.829423872679,312.4540713414634,1308.1527851458886,1370.0981707317073,/home/cage/wattserve/results/two_gemm_norm_steady_window_sweep/20260428T172623Z/monitor/g8_n1024.csv,/home/cage/wattserve/results/two_gemm_norm_steady_window_sweep/20260428T172623Z/phase_events/g8_n1024.csv,1e-06
ok,,2026-04-28T17:48:39.013248Z,8192,8192,32768,bfloat16,8,2048,36,32.0,20.0,1081.5477294921875,38828.765625,38.82883882522583,18828.765625,38828.765625,20000.0,36,36,18,18,4714.271789550781,14700.521362304688,261.9039883083767,816.6956312391493,144,36864,8796093022208.0,268.6814532003571,319.1435470737913,510.65,263.92,1369.9312977099237,1410.0,1245.0,1965,373.2106435897436,302.8725406378601,1301.0820512820512,1390.398533950617,/home/cage/wattserve/results/two_gemm_norm_steady_window_sweep/20260428T172623Z/monitor/g8_n2048.csv,/home/cage/wattserve/results/two_gemm_norm_steady_window_sweep/20260428T172623Z/phase_events/g8_n2048.csv,1e-06
ok,,2026-04-28T17:49:19.302164Z,8192,8192,32768,bfloat16,8,4096,21,32.0,20.0,1898.3731689453125,39796.4375,39.796507835388184,19796.4375,39796.4375,20000.0,21,21,10,10,2614.576141357422,16335.287475585938,261.4576141357422,1633.5287475585938,80,40960,8796093022208.0,269.1401602904948,308.922951653944,521.32,272.62,1389.9389312977098,1410.0,1245.0,1965,377.54556461538465,298.8665038431677,1308.4384615384615,1401.8208074534161,/home/cage/wattserve/results/two_gemm_norm_steady_window_sweep/20260428T172623Z/monitor/g8_n4096.csv,/home/cage/wattserve/results/two_gemm_norm_steady_window_sweep/20260428T172623Z/phase_events/g8_n4096.csv,1e-06
ok,,2026-04-28T17:50:01.371765Z,8192,8192,32768,bfloat16,12,8,96,32.0,20.0,400.5079040527344,38559.48828125,38.55962657928467,18559.48828125,38559.48828125,20000.0,96,96,49,50,19534.325744628906,158.74867486953735,398.6597090740593,3.174973497390747,588,400,8796093022208.0,264.76996261211673,398.79385241730284,426.83,363.86,1255.969465648855,1275.0,1245.0,1965,398.8326639194139,398.8121428571429,1255.9566326530612,1257.857142857143,/home/cage/wattserve/results/two_gemm_norm_steady_window_sweep/20260428T172623Z/monitor/g12_n8.csv,/home/cage/wattserve/results/two_gemm_norm_steady_window_sweep/20260428T172623Z/phase_events/g12_n8.csv,1e-06
ok,,2026-04-28T17:50:40.751104Z,8192,8192,32768,bfloat16,12,16,95,32.0,20.0,405.8040466308594,38474.83203125,38.47496294975281,18474.83203125,38474.83203125,20000.0,95,95,49,50,19550.3984375,318.0625901222229,398.9877232142857,6.361251802444458,588,800,8796093022208.0,264.552291023266,399.29500762582614,434.16,342.79,1255.7600406710726,1305.0,1215.0,1967,399.33220591313454,396.6165517241379,1255.784929356358,1256.896551724138,/home/cage/wattserve/results/two_gemm_norm_steady_window_sweep/20260428T172623Z/monitor/g12_n16.csv,/home/cage/wattserve/results/two_gemm_norm_steady_window_sweep/20260428T172623Z/phase_events/g12_n16.csv,1e-06
ok,,2026-04-28T17:51:20.049455Z,8192,8192,32768,bfloat16,12,32,94,32.0,20.0,410.076171875,38627.73046875,38.627912521362305,18627.73046875,38627.73046875,20000.0,94,94,48,49,19104.132049560547,623.7890548706055,398.0027510325114,12.730388874910316,576,1568,8796093022208.0,265.2070016919902,398.75098268839105,453.22,303.78,1258.0753564154786,1320.0,1230.0,1964,398.9522670940171,398.7838775510204,1258.2335737179487,1259.6938775510205,/home/cage/wattserve/results/two_gemm_norm_steady_window_sweep/20260428T172623Z/monitor/g12_n32.csv,/home/cage/wattserve/results/two_gemm_norm_steady_window_sweep/20260428T172623Z/phase_events/g12_n32.csv,1e-06
ok,,2026-04-28T17:51:59.516135Z,8192,8192,32768,bfloat16,12,64,91,32.0,20.0,422.75738525390625,38456.59375,38.456729888916016,18456.59375,38456.59375,20000.0,91,91,47,48,18661.45590209961,1222.672384262085,397.0522532361619,25.472341338793438,564,3072,8796093022208.0,265.84187699777203,396.5759389312977,463.31,271.44,1262.8167938931297,1365.0,1230.0,1965,396.4964381298992,397.8833333333334,1262.9963928848308,1260.3125,/home/cage/wattserve/results/two_gemm_norm_steady_window_sweep/20260428T172623Z/monitor/g12_n64.csv,/home/cage/wattserve/results/two_gemm_norm_steady_window_sweep/20260428T172623Z/phase_events/g12_n64.csv,1e-06
ok,,2026-04-28T17:52:38.813742Z,8192,8192,32768,bfloat16,12,128,86,32.0,20.0,450.3551940917969,38462.671875,38.46279764175415,18462.671875,38462.671875,20000.0,86,86,44,45,17436.63720703125,2293.1210289001465,396.28720925071025,50.95824508666992,528,5760,8796093022208.0,266.35509247465535,393.6878066157761,515.86,265.11,1268.679389312977,1380.0,1230.0,1965,393.41263602625446,396.33577777777776,1269.1893632683107,1266.3333333333333,/home/cage/wattserve/results/two_gemm_norm_steady_window_sweep/20260428T172623Z/monitor/g12_n128.csv,/home/cage/wattserve/results/two_gemm_norm_steady_window_sweep/20260428T172623Z/phase_events/g12_n128.csv,1e-06
ok,,2026-04-28T17:53:18.146419Z,8192,8192,32768,bfloat16,12,512,64,32.0,20.0,603.9193725585938,38345.7734375,38.345887184143066,18345.7734375,38345.7734375,20000.0,64,64,33,34,13038.93197631836,6939.241439819336,395.11915079752606,204.09533646527458,396,17408,8796093022208.0,267.14249626585524,366.4403881048387,545.28,262.8,1303.9642137096773,1410.0,1245.0,1984,380.70191841491845,339.35054131652663,1281.7636946386947,1345.9789915966387,/home/cage/wattserve/results/two_gemm_norm_steady_window_sweep/20260428T172623Z/monitor/g12_n512.csv,/home/cage/wattserve/results/two_gemm_norm_steady_window_sweep/20260428T172623Z/phase_events/g12_n512.csv,1e-06
ok,,2026-04-28T17:53:57.499802Z,8192,8192,32768,bfloat16,12,1024,48,32.0,20.0,805.5767211914062,38535.73046875,38.5358247756958,18535.73046875,38535.73046875,20000.0,48,48,24,25,9469.043731689453,10207.306732177734,394.54348882039386,408.2922692871094,288,25600,8796093022208.0,267.5322727592811,350.36209160305344,576.71,264.52,1333.8396946564885,1410.0,1230.0,1965,392.41640632028793,310.31439097560974,1292.7952091767881,1373.7581707317074,/home/cage/wattserve/results/two_gemm_norm_steady_window_sweep/20260428T172623Z/monitor/g12_n1024.csv,/home/cage/wattserve/results/two_gemm_norm_steady_window_sweep/20260428T172623Z/phase_events/g12_n1024.csv,1e-06
ok,,2026-04-28T17:54:37.235573Z,8192,8192,32768,bfloat16,12,2048,32,32.0,20.0,1213.9581298828125,38752.09765625,38.752169370651245,18752.09765625,38752.09765625,20000.0,32,32,16,16,6304.698333740234,13067.045959472656,394.04364585876465,816.690372467041,192,32768,8796093022208.0,267.87163649462565,329.6586972010178,554.19,240.54,1358.5648854961833,1410.0,1245.0,1965,408.2756743421053,293.9294631558642,1283.167383603239,1392.2288773148148,/home/cage/wattserve/results/two_gemm_norm_steady_window_sweep/20260428T172623Z/monitor/g12_n2048.csv,/home/cage/wattserve/results/two_gemm_norm_steady_window_sweep/20260428T172623Z/phase_events/g12_n2048.csv,1e-06
ok,,2026-04-28T17:55:17.576964Z,8192,8192,32768,bfloat16,12,4096,19,32.0,20.0,2030.85009765625,38524.3515625,38.52439546585083,18524.3515625,38524.3515625,20000.0,19,19,9,10,3546.498016357422,16335.20947265625,394.05533515082465,1633.520947265625,108,40960,8796093022208.0,267.8636903268815,311.37041751527494,503.13,265.97,1380.5040733197557,1410.0,1245.0,1964,380.17384765332133,295.9078666149068,1288.578497525866,1401.2856754658385,/home/cage/wattserve/results/two_gemm_norm_steady_window_sweep/20260428T172623Z/monitor/g12_n4096.csv,/home/cage/wattserve/results/two_gemm_norm_steady_window_sweep/20260428T172623Z/phase_events/g12_n4096.csv,1e-06
ok,,2026-04-28T17:55:58.496750Z,8192,8192,32768,bfloat16,16,8,73,32.0,20.0,532.9459228515625,39035.4609375,39.035603761672974,19035.4609375,39035.4609375,20000.0,73,73,37,38,19682.128845214844,120.66406583786011,531.9494282490498,3.1753701536278975,592,304,8796093022208.0,264.5693009175246,398.4185896130346,420.91,371.97,1255.4098778004072,1275.0,1215.0,1964,398.44026615149255,401.35,1255.3990311065784,1260.0,/home/cage/wattserve/results/two_gemm_norm_steady_window_sweep/20260428T172623Z/monitor/g16_n8.csv,/home/cage/wattserve/results/two_gemm_norm_steady_window_sweep/20260428T172623Z/phase_events/g16_n8.csv,1e-06
ok,,2026-04-28T17:56:38.465058Z,8192,8192,32768,bfloat16,16,16,72,32.0,20.0,537.9983520507812,38776.1171875,38.77623987197876,18776.1171875,38776.1171875,20000.0,72,72,37,38,19693.144104003906,241.82476568222046,532.2471379460516,6.363809623216328,592,608,8796093022208.0,264.4213154408604,398.61479368313803,437.65,346.82,1255.140091696383,1290.0,1215.0,1963,398.5551932883537,401.72476190476186,1255.131163456635,1257.142857142857,/home/cage/wattserve/results/two_gemm_norm_steady_window_sweep/20260428T172623Z/monitor/g16_n16.csv,/home/cage/wattserve/results/two_gemm_norm_steady_window_sweep/20260428T172623Z/phase_events/g16_n16.csv,1e-06
ok,,2026-04-28T17:57:18.181940Z,8192,8192,32768,bfloat16,16,32,71,32.0,20.0,544.058349609375,38642.34765625,38.642470359802246,18642.34765625,38642.34765625,20000.0,71,71,36,37,19129.559997558594,471.1014394760132,531.3766665988499,12.732471337189546,576,1184,8796093022208.0,264.8544755571181,398.2609572301426,450.64,320.29,1256.9220977596742,1320.0,1230.0,1964,398.4455990455366,398.57891891891893,1256.9459444397014,1257.972972972973,/home/cage/wattserve/results/two_gemm_norm_steady_window_sweep/20260428T172623Z/monitor/g16_n32.csv,/home/cage/wattserve/results/two_gemm_norm_steady_window_sweep/20260428T172623Z/phase_events/g16_n32.csv,1e-06
ok,,2026-04-28T17:57:57.767502Z,8192,8192,32768,bfloat16,16,64,70,32.0,20.0,555.662353515625,38944.4921875,38.94465970993042,18944.4921875,38944.4921875,20000.0,70,70,35,36,18582.44903564453,917.0083827972412,530.9271153041294,25.472455077701145,560,2304,8796093022208.0,265.07873547710926,398.43928716904276,482.95,272.3,1258.4801425661915,1350.0,1230.0,1964,397.98760270842735,400.2058333333333,1258.671460892049,1258.0555555555557,/home/cage/wattserve/results/two_gemm_norm_steady_window_sweep/20260428T172623Z/monitor/g16_n64.csv,/home/cage/wattserve/results/two_gemm_norm_steady_window_sweep/20260428T172623Z/phase_events/g16_n64.csv,1e-06
ok,,2026-04-28T17:58:37.665765Z,8192,8192,32768,bfloat16,16,128,66,32.0,20.0,583.2489013671875,38301.14453125,38.301271200180054,18301.14453125,38301.14453125,20000.0,66,66,34,35,17987.645568847656,1783.6451797485352,529.0483990837546,50.96129084995815,544,4480,8796093022208.0,266.0200628129064,392.9028854961832,489.02,268.29,1266.6106870229007,1380.0,1230.0,1965,392.4041209741815,396.69942857142854,1266.8616915091827,1265.057142857143,/home/cage/wattserve/results/two_gemm_norm_steady_window_sweep/20260428T172623Z/monitor/g16_n128.csv,/home/cage/wattserve/results/two_gemm_norm_steady_window_sweep/20260428T172623Z/phase_events/g16_n128.csv,1e-06
ok,,2026-04-28T17:59:16.949281Z,8192,8192,32768,bfloat16,16,512,53,32.0,20.0,734.8592529296875,38758.4765625,38.75859451293945,18758.4765625,38758.4765625,20000.0,53,53,27,28,14224.532409667969,5714.232284545898,526.8345336914062,204.0797244480678,432,14336,8796093022208.0,267.13793298479004,376.44694052419356,585.93,265.37,1295.7988911290322,1410.0,1215.0,1984,389.2166177498253,344.4439481292517,1280.5029430736977,1334.030612244898,/home/cage/wattserve/results/two_gemm_norm_steady_window_sweep/20260428T172623Z/monitor/g16_n512.csv,/home/cage/wattserve/results/two_gemm_norm_steady_window_sweep/20260428T172623Z/phase_events/g16_n512.csv,1e-06
ok,,2026-04-28T17:59:56.840048Z,8192,8192,32768,bfloat16,16,1024,41,32.0,20.0,938.0198364257812,38344.92578125,38.34502935409546,18344.92578125,38344.92578125,20000.0,41,41,21,21,11068.464172363281,8573.449188232422,527.0697224934896,408.25948515392486,336,21504,8796093022208.0,267.0187308227829,356.4654351145038,563.14,264.79,1323.2824427480916,1410.0,1245.0,1965,385.62530471162825,320.6191887340302,1281.6989872872225,1374.4939024390244,/home/cage/wattserve/results/two_gemm_norm_steady_window_sweep/20260428T172623Z/monitor/g16_n1024.csv,/home/cage/wattserve/results/two_gemm_norm_steady_window_sweep/20260428T172623Z/phase_events/g16_n1024.csv,1e-06
ok,,2026-04-28T18:00:36.510022Z,8192,8192,32768,bfloat16,16,2048,29,32.0,20.0,1346.3828125,38964.5234375,38.96459698677063,18964.5234375,38964.5234375,20000.0,29,29,14,15,7376.355285644531,12250.341369628906,526.8825204031808,816.6894246419271,224,30720,8796093022208.0,267.11360294821117,334.61599592460516,514.67,263.66,1349.1059602649007,1410.0,1245.0,1963,380.48024321266973,305.2508327160494,1282.9387524240465,1391.5925925925926,/home/cage/wattserve/results/two_gemm_norm_steady_window_sweep/20260428T172623Z/monitor/g16_n2048.csv,/home/cage/wattserve/results/two_gemm_norm_steady_window_sweep/20260428T172623Z/phase_events/g16_n2048.csv,1e-06
ok,,2026-04-28T18:01:17.190453Z,8192,8192,32768,bfloat16,16,4096,18,32.0,20.0,2163.167236328125,38883.70703125,38.88399863243103,18883.70703125,38883.70703125,20000.0,18,18,9,9,4740.2015380859375,14701.8076171875,526.6890597873264,1633.5341796875,144,36864,8796093022208.0,267.2117176919469,318.31263747454176,513.23,264.83,1372.7367617107943,1410.0,1245.0,1964,385.50328850343556,297.7026408730159,1281.279537456008,1400.7668219461698,/home/cage/wattserve/results/two_gemm_norm_steady_window_sweep/20260428T172623Z/monitor/g16_n4096.csv,/home/cage/wattserve/results/two_gemm_norm_steady_window_sweep/20260428T172623Z/phase_events/g16_n4096.csv,1e-06
ok,,2026-04-28T18:01:58.618855Z,8192,8192,32768,bfloat16,18,8,64,32.0,20.0,600.6190185546875,38505.83984375,38.50609016418457,18505.83984375,38505.83984375,20000.0,64,64,33,34,19769.667358398438,107.98592138290405,599.0808290423769,3.176056511261884,594,272,8796093022208.0,264.2876665788688,397.5028513238289,417.0,373.69,1253.1568228105907,1275.0,1230.0,1964,397.46699050705774,390.76714285714286,1253.1059720524945,1255.7142857142858,/home/cage/wattserve/results/two_gemm_norm_steady_window_sweep/20260428T172623Z/monitor/g18_n8.csv,/home/cage/wattserve/results/two_gemm_norm_steady_window_sweep/20260428T172623Z/phase_events/g18_n8.csv,1e-06
ok,,2026-04-28T18:02:38.121420Z,8192,8192,32768,bfloat16,18,16,64,32.0,20.0,607.1531372070312,38744.328125,38.744492530822754,18744.328125,38744.328125,20000.0,64,64,33,34,19759.531127929688,216.30975914001465,598.7736705433239,6.362051739412196,594,544,8796093022208.0,264.4232406813689,400.45192366412215,426.38,382.26,1255.3053435114505,1305.0,1230.0,1965,400.48238379705884,397.8013636363636,1255.3461116129147,1252.5,/home/cage/wattserve/results/two_gemm_norm_steady_window_sweep/20260428T172623Z/monitor/g18_n16.csv,/home/cage/wattserve/results/two_gemm_norm_steady_window_sweep/20260428T172623Z/phase_events/g18_n16.csv,1e-06
ok,,2026-04-28T18:03:17.878232Z,8192,8192,32768,bfloat16,18,32,63,32.0,20.0,614.0508422851562,38405.234375,38.405391693115234,18405.234375,38405.234375,20000.0,63,63,32,33,19090.633911132812,420.20044708251953,596.5823097229004,12.73334688128847,576,1056,8796093022208.0,265.39451777121036,399.2975189489641,446.61,306.1,1259.067710965134,1320.0,1230.0,1979,399.36660735985294,398.6433333333333,1259.1104434541203,1260.0,/home/cage/wattserve/results/two_gemm_norm_steady_window_sweep/20260428T172623Z/monitor/g18_n32.csv,/home/cage/wattserve/results/two_gemm_norm_steady_window_sweep/20260428T172623Z/phase_events/g18_n32.csv,1e-06
ok,,2026-04-28T18:03:57.296673Z,8192,8192,32768,bfloat16,18,64,62,32.0,20.0,626.5538330078125,38594.4921875,38.59464120864868,18594.4921875,38594.4921875,20000.0,62,62,32,33,19099.203552246094,840.5637073516846,596.8501110076904,25.471627495505594,576,2112,8796093022208.0,265.2754376344648,397.55216904276983,475.17,273.49,1260.0152749490835,1350.0,1215.0,1964,397.5000623721508,398.7168686868687,1259.949042957335,1261.2121212121212,/home/cage/wattserve/results/two_gemm_norm_steady_window_sweep/20260428T172623Z/monitor/g18_n64.csv,/home/cage/wattserve/results/two_gemm_norm_steady_window_sweep/20260428T172623Z/phase_events/g18_n64.csv,1e-06
ok,,2026-04-28T18:04:36.913941Z,8192,8192,32768,bfloat16,18,128,59,32.0,20.0,653.1369018554688,38136.59375,38.13676953315735,18136.59375,38136.59375,20000.0,59,59,30,31,17859.04022216797,1579.6602973937988,595.3013407389323,50.956783786896736,540,3968,8796093022208.0,265.9655934979307,394.429383910387,505.18,263.66,1266.025967413442,1380.0,1230.0,1964,393.6363165789987,398.0325161290323,1266.0417884278202,1266.967741935484,/home/cage/wattserve/results/two_gemm_norm_steady_window_sweep/20260428T172623Z/monitor/g18_n128.csv,/home/cage/wattserve/results/two_gemm_norm_steady_window_sweep/20260428T172623Z/phase_events/g18_n128.csv,1e-06
ok,,2026-04-28T18:05:16.104333Z,8192,8192,32768,bfloat16,18,512,48,32.0,20.0,802.9153442382812,38273.05859375,38.27318024635315,18273.05859375,38273.05859375,20000.0,48,48,25,25,14834.596984863281,5102.241806030273,593.3838793945313,204.08967224121093,450,12800,8796093022208.0,266.8250350199911,380.52635162601626,586.78,265.37,1292.157012195122,1410.0,1215.0,1968,394.07262641729983,341.95216,1275.9813559322035,1338.36,/home/cage/wattserve/results/two_gemm_norm_steady_window_sweep/20260428T172623Z/monitor/g18_n512.csv,/home/cage/wattserve/results/two_gemm_norm_steady_window_sweep/20260428T172623Z/phase_events/g18_n512.csv,1e-06
ok,,2026-04-28T18:05:55.571943Z,8192,8192,32768,bfloat16,18,1024,39,32.0,20.0,1007.6508178710938,39064.6875,39.06478214263916,19064.6875,39064.6875,20000.0,39,39,19,20,11272.386596679688,8165.858245849609,593.2835050884046,408.2929122924805,342,20480,8796093022208.0,266.87017764997773,363.8886592178771,581.31,265.37,1318.97155916709,1410.0,1230.0,1969,399.3098506567412,310.6845606707317,1280.2762311975146,1375.942682926829,/home/cage/wattserve/results/two_gemm_norm_steady_window_sweep/20260428T172623Z/monitor/g18_n1024.csv,/home/cage/wattserve/results/two_gemm_norm_steady_window_sweep/20260428T172623Z/phase_events/g18_n1024.csv,1e-06
ok,,2026-04-28T18:06:36.027907Z,8192,8192,32768,bfloat16,18,2048,28,32.0,20.0,1414.435791015625,39456.265625,39.45634579658508,19456.265625,39456.265625,20000.0,28,28,14,14,8289.967041015625,11433.672729492188,592.1405029296875,816.6909092494419,252,28672,8796093022208.0,267.3853141549828,340.05400508905853,512.63,264.52,1345.6335877862596,1410.0,1245.0,1965,390.64728111555917,304.36923258377425,1279.9220820168482,1391.8933531746031,/home/cage/wattserve/results/two_gemm_norm_steady_window_sweep/20260428T172623Z/monitor/g18_n2048.csv,/home/cage/wattserve/results/two_gemm_norm_steady_window_sweep/20260428T172623Z/phase_events/g18_n2048.csv,1e-06
ok,,2026-04-28T18:07:17.271136Z,8192,8192,32768,bfloat16,18,4096,18,32.0,20.0,2230.0498046875,40069.40234375,40.06944680213928,20069.40234375,40069.40234375,20000.0,18,18,8,9,4740.620300292969,14701.697265625,592.5775375366211,1633.5219184027778,144,36864,8796093022208.0,267.188113572326,322.4623879837067,525.36,263.98,1367.8946028513237,1410.0,1245.0,1964,396.9272128872005,295.2165587905452,1279.6595558153126,1400.2033514492753,/home/cage/wattserve/results/two_gemm_norm_steady_window_sweep/20260428T172623Z/monitor/g18_n4096.csv,/home/cage/wattserve/results/two_gemm_norm_steady_window_sweep/20260428T172623Z/phase_events/g18_n4096.csv,1e-06
ok,,2026-04-28T18:07:59.933732Z,8192,8192,32768,bfloat16,20,8,58,32.0,20.0,667.1185913085938,35368.84375,35.36891460418701,15368.84375,35368.84375,20000.0,58,58,33,34,19555.412048339844,108.1200635433197,592.5882438890861,3.1800018689211678,660,272,8796093022208.0,296.8703180636959,345.00418829516536,346.82,330.98,1410.0,1410.0,1410.0,1965,345.003903972513,345.15500000000003,1410.0,1410.0,/home/cage/wattserve/results/two_gemm_norm_steady_window_sweep/20260428T172623Z/monitor/g20_n8.csv,/home/cage/wattserve/results/two_gemm_norm_steady_window_sweep/20260428T172623Z/phase_events/g20_n8.csv,1e-06
ok,,2026-04-28T18:08:36.355916Z,8192,8192,32768,bfloat16,20,16,58,32.0,20.0,671.8720092773438,35686.6953125,35.68677473068237,15686.6953125,35686.6953125,20000.0,58,58,33,34,19556.609130859375,216.58009672164917,592.6245191169508,6.370002844754388,660,544,8796093022208.0,296.85214629036113,345.07005089058526,347.15,323.45,1410.0,1410.0,1410.0,1965,345.05446203708624,345.7580952380952,1410.0,1410.0,/home/cage/wattserve/results/two_gemm_norm_steady_window_sweep/20260428T172623Z/monitor/g20_n16.csv,/home/cage/wattserve/results/two_gemm_norm_steady_window_sweep/20260428T172623Z/phase_events/g20_n16.csv,1e-06
ok,,2026-04-28T18:09:13.110974Z,8192,8192,32768,bfloat16,20,32,57,32.0,20.0,678.6693115234375,35353.49609375,35.35357856750488,15353.49609375,35353.49609375,20000.0,57,57,33,34,19551.755126953125,433.5493097305298,592.4774280894886,12.751450286192053,660,1088,8796093022208.0,296.925844097454,343.61350127226467,347.42,302.93,1410.0,1410.0,1410.0,1965,343.5670394771797,345.555,1410.0,1410.0,/home/cage/wattserve/results/two_gemm_norm_steady_window_sweep/20260428T172623Z/monitor/g20_n32.csv,/home/cage/wattserve/results/two_gemm_norm_steady_window_sweep/20260428T172623Z/phase_events/g20_n32.csv,1e-06
ok,,2026-04-28T18:09:49.536195Z,8192,8192,32768,bfloat16,20,64,56,32.0,20.0,690.8651733398438,35441.203125,35.44129157066345,15441.203125,35441.203125,20000.0,56,56,32,33,18958.352478027344,842.0648937225342,592.4485149383545,25.517117991591945,640,2112,8796093022208.0,296.94033491241856,342.1507386653082,346.82,284.44,1410.0,1410.0,1410.0,1963,341.99733343074223,344.87944444444446,1410.0,1410.0,/home/cage/wattserve/results/two_gemm_norm_steady_window_sweep/20260428T172623Z/monitor/g20_n64.csv,/home/cage/wattserve/results/two_gemm_norm_steady_window_sweep/20260428T172623Z/phase_events/g20_n64.csv,1e-06
ok,,2026-04-28T18:10:26.054067Z,8192,8192,32768,bfloat16,20,128,54,32.0,20.0,716.6126098632812,35525.39453125,35.52547550201416,15525.39453125,35525.39453125,20000.0,54,54,31,32,18365.779052734375,1633.2124214172363,592.4444855720766,51.037888169288635,620,4096,8796093022208.0,296.9423544794855,339.1543686354379,346.82,274.9,1410.0,1410.0,1410.0,1964,338.7279168944779,343.9869375,1410.0,1410.0,/home/cage/wattserve/results/two_gemm_norm_steady_window_sweep/20260428T172623Z/monitor/g20_n128.csv,/home/cage/wattserve/results/two_gemm_norm_steady_window_sweep/20260428T172623Z/phase_events/g20_n128.csv,1e-06
ok,,2026-04-28T18:11:02.687151Z,8192,8192,32768,bfloat16,20,512,45,32.0,20.0,869.8572998046875,36626.12109375,36.62618541717529,16626.12109375,36626.12109375,20000.0,45,45,25,25,14813.452453613281,5104.77619934082,592.5380981445312,204.1910479736328,500,12800,8796093022208.0,296.8954418206023,325.20792089249494,345.97,271.17,1410.0,1410.0,1410.0,1972,329.87641519579194,312.38423047619045,1410.0,1410.0,/home/cage/wattserve/results/two_gemm_norm_steady_window_sweep/20260428T172623Z/monitor/g20_n512.csv,/home/cage/wattserve/results/two_gemm_norm_steady_window_sweep/20260428T172623Z/phase_events/g20_n512.csv,1e-06
ok,,2026-04-28T18:11:40.562192Z,8192,8192,32768,bfloat16,20,1024,36,32.0,20.0,1073.85546875,36800.02734375,36.80006432533264,16800.02734375,36800.02734375,20000.0,36,36,19,20,11258.162170410156,8168.160247802734,592.5348510742188,408.4080123901367,380,20480,8796093022208.0,296.89706879726583,313.8796437659033,345.2,269.72,1410.0,1410.0,1410.0,1965,329.5874748531176,291.3192098499062,1410.0,1410.0,/home/cage/wattserve/results/two_gemm_norm_steady_window_sweep/20260428T172623Z/monitor/g20_n1024.csv,/home/cage/wattserve/results/two_gemm_norm_steady_window_sweep/20260428T172623Z/phase_events/g20_n1024.csv,1e-06
ok,,2026-04-28T18:12:18.819479Z,8192,8192,32768,bfloat16,20,2048,26,32.0,20.0,1480.2247314453125,37408.953125,37.40898823738098,17408.953125,37408.953125,20000.0,26,26,14,14,8296.498168945312,11435.316223144531,592.6070120675223,816.8083016531808,280,28672,8796093022208.0,296.8609160232402,301.69741475826976,381.81,268.86,1410.0,1410.0,1410.0,1965,330.7529942807047,281.23963150352733,1410.0,1410.0,/home/cage/wattserve/results/two_gemm_norm_steady_window_sweep/20260428T172623Z/monitor/g20_n2048.csv,/home/cage/wattserve/results/two_gemm_norm_steady_window_sweep/20260428T172623Z/phase_events/g20_n2048.csv,1e-06
ok,,2026-04-28T18:12:58.083731Z,8192,8192,32768,bfloat16,20,4096,17,32.0,20.0,2297.0439453125,38544.2265625,38.54424715042114,18544.2265625,38544.2265625,20000.0,17,17,8,9,4848.0379638671875,14702.737426757812,606.0047454833984,1633.6374918619792,160,36864,8796093022208.0,290.2978264697094,297.3532875318066,427.69,264.51,1397.2366412213742,1410.0,1260.0,1965,345.0264103995759,278.3379987922705,1381.8693296370968,1407.0600414078676,/home/cage/wattserve/results/two_gemm_norm_steady_window_sweep/20260428T172623Z/monitor/g20_n4096.csv,/home/cage/wattserve/results/two_gemm_norm_steady_window_sweep/20260428T172623Z/phase_events/g20_n4096.csv,1e-06
ok,,2026-04-28T18:13:39.292938Z,8192,8192,32768,bfloat16,22,8,53,32.0,20.0,733.16455078125,34726.20703125,34.726242542266846,14726.20703125,34726.20703125,20000.0,53,53,30,31,19558.16864013672,98.58559846878052,651.938954671224,3.1801805957671134,660,248,8796093022208.0,296.82847619707906,344.09096183206105,346.29,329.2,1410.0,1410.0,1410.0,1965,344.09139847883597,344.40076923076924,1410.0,1410.0,/home/cage/wattserve/results/two_gemm_norm_steady_window_sweep/20260428T172623Z/monitor/g22_n8.csv,/home/cage/wattserve/results/two_gemm_norm_steady_window_sweep/20260428T172623Z/phase_events/g22_n8.csv,1e-06
ok,,2026-04-28T18:14:15.139261Z,8192,8192,32768,bfloat16,22,16,53,32.0,20.0,737.3977661132812,34893.7734375,34.894012689590454,14893.7734375,34893.7734375,20000.0,53,53,30,31,19557.297241210938,197.4241271018982,651.9099080403646,6.36852022909349,660,496,8796093022208.0,296.8417017472208,344.0688079470198,346.55,317.38,1410.0,1410.0,1410.0,1963,344.05380729166666,344.6221052631579,1410.0,1410.0,/home/cage/wattserve/results/two_gemm_norm_steady_window_sweep/20260428T172623Z/monitor/g22_n16.csv,/home/cage/wattserve/results/two_gemm_norm_steady_window_sweep/20260428T172623Z/phase_events/g22_n16.csv,1e-06
ok,,2026-04-28T18:14:51.200237Z,8192,8192,32768,bfloat16,22,32,52,32.0,20.0,743.425048828125,34563.98828125,34.56428933143616,14563.98828125,34563.98828125,20000.0,52,52,30,31,19554.215087890625,395.3520622253418,651.8071695963541,12.753292329849735,660,992,8796093022208.0,296.88849020855935,343.8720367534456,347.15,299.75,1410.0,1410.0,1410.0,1959,343.84210672949735,345.2574193548387,1410.0,1410.0,/home/cage/wattserve/results/two_gemm_norm_steady_window_sweep/20260428T172623Z/monitor/g22_n32.csv,/home/cage/wattserve/results/two_gemm_norm_steady_window_sweep/20260428T172623Z/phase_events/g22_n32.csv,1e-06
ok,,2026-04-28T18:15:26.892932Z,8192,8192,32768,bfloat16,22,64,51,32.0,20.0,756.654052734375,34518.6953125,34.5189049243927,14518.6953125,34518.6953125,20000.0,51,51,29,30,18887.148315429688,765.4031372070312,651.2809763941272,25.513437906901043,638,1920,8796093022208.0,297.1283570418148,347.9339724630291,352.31,287.35,1410.0,1410.0,1410.0,1961,347.8009026067324,350.3165555555555,1410.0,1410.0,/home/cage/wattserve/results/two_gemm_norm_steady_window_sweep/20260428T172623Z/monitor/g22_n64.csv,/home/cage/wattserve/results/two_gemm_norm_steady_window_sweep/20260428T172623Z/phase_events/g22_n64.csv,1e-06
ok,,2026-04-28T18:16:02.552380Z,8192,8192,32768,bfloat16,22,128,50,32.0,20.0,783.1183471679688,35116.625,35.1168487071991,15116.625,35116.625,20000.0,50,50,28,29,18234.381408691406,1480.0957489013672,651.2279074532645,51.03778444487473,616,3712,8796093022208.0,297.1525702044082,341.7949668536461,352.9,276.94,1410.0,1410.0,1410.0,1961,341.12578249007936,348.25234482758617,1410.0,1410.0,/home/cage/wattserve/results/two_gemm_norm_steady_window_sweep/20260428T172623Z/monitor/g22_n128.csv,/home/cage/wattserve/results/two_gemm_norm_steady_window_sweep/20260428T172623Z/phase_events/g22_n128.csv,1e-06
ok,,2026-04-28T18:16:38.841810Z,8192,8192,32768,bfloat16,22,512,41,32.0,20.0,940.031005859375,35100.390625,35.100568771362305,15100.390625,35100.390625,20000.0,41,41,23,24,14994.732055664062,4900.51171875,651.944871985394,204.18798828125,506,12288,8796093022208.0,296.82578206230824,326.92086180520147,346.55,269.74,1410.0,1410.0,1410.0,1961,331.3220651095583,313.0438125,1410.0,1410.0,/home/cage/wattserve/results/two_gemm_norm_steady_window_sweep/20260428T172623Z/monitor/g22_n512.csv,/home/cage/wattserve/results/two_gemm_norm_steady_window_sweep/20260428T172623Z/phase_events/g22_n512.csv,1e-06
ok,,2026-04-28T18:17:15.265767Z,8192,8192,32768,bfloat16,22,1024,34,32.0,20.0,1139.4283447265625,36049.69921875,36.04986214637756,16049.69921875,36049.69921875,20000.0,34,34,18,19,11733.174255371094,7759.7071533203125,651.843014187283,408.4056396484375,396,19456,8796093022208.0,296.8721644272725,315.4264132653061,345.7,268.27,1410.0,1410.0,1410.0,1960,330.4000168099647,290.93835526315786,1410.0,1410.0,/home/cage/wattserve/results/two_gemm_norm_steady_window_sweep/20260428T172623Z/monitor/g22_n1024.csv,/home/cage/wattserve/results/two_gemm_norm_steady_window_sweep/20260428T172623Z/phase_events/g22_n1024.csv,1e-06
ok,,2026-04-28T18:17:52.827953Z,8192,8192,32768,bfloat16,22,2048,25,32.0,20.0,1548.08935546875,36717.56640625,36.717697858810425,16717.56640625,36717.56640625,20000.0,25,25,13,14,8474.8974609375,11435.080688476562,651.9151893028846,816.7914777483259,286,28672,8796093022208.0,296.8392969881669,300.5725829504849,344.84,267.41,1410.0,1410.0,1410.0,1959,328.6519425366301,279.41404295732593,1410.0,1410.0,/home/cage/wattserve/results/two_gemm_norm_steady_window_sweep/20260428T172623Z/monitor/g22_n2048.csv,/home/cage/wattserve/results/two_gemm_norm_steady_window_sweep/20260428T172623Z/phase_events/g22_n2048.csv,1e-06
ok,,2026-04-28T18:18:31.459343Z,8192,8192,32768,bfloat16,22,4096,17,32.0,20.0,2364.757080078125,38844.2578125,38.84438991546631,18844.2578125,38844.2578125,20000.0,17,17,8,9,5210.8687744140625,14702.61962890625,651.3585968017578,1633.6244032118057,176,36864,8796093022208.0,297.09294916617546,284.0172485962226,339.04,263.38,1410.0,1410.0,1410.0,1959,324.8898167782738,269.23775001817563,1410.0,1410.0,/home/cage/wattserve/results/two_gemm_norm_steady_window_sweep/20260428T172623Z/monitor/g22_n4096.csv,/home/cage/wattserve/results/two_gemm_norm_steady_window_sweep/20260428T172623Z/phase_events/g22_n4096.csv,1e-06
ok,,2026-04-28T18:19:13.040189Z,8192,8192,32768,bfloat16,24,8,48,32.0,20.0,801.328125,34300.25390625,34.300377368927,14300.25390625,34300.25390625,20000.0,48,48,27,28,19205.65447998047,89.0552306175232,711.3205362955729,3.1805439506258284,648,224,8796093022208.0,296.78073633638445,344.820362244898,347.51,330.65,1410.0,1410.0,1410.0,1960,344.8254751169389,345.15,1410.0,1410.0,/home/cage/wattserve/results/two_gemm_norm_steady_window_sweep/20260428T172623Z/monitor/g24_n8.csv,/home/cage/wattserve/results/two_gemm_norm_steady_window_sweep/20260428T172623Z/phase_events/g24_n8.csv,1e-06
ok,,2026-04-28T18:19:48.529474Z,8192,8192,32768,bfloat16,24,16,48,32.0,20.0,804.4338989257812,34448.37109375,34.44852900505066,14448.37109375,34448.37109375,20000.0,48,48,27,28,19204.175842285156,178.3767032623291,711.2657719364872,6.370596545083182,648,448,8796093022208.0,296.8035871573514,344.89321756894793,347.19,321.14,1410.0,1410.0,1410.0,1958,344.87334736599956,345.11764705882354,1410.0,1410.0,/home/cage/wattserve/results/two_gemm_norm_steady_window_sweep/20260428T172623Z/monitor/g24_n16.csv,/home/cage/wattserve/results/two_gemm_norm_steady_window_sweep/20260428T172623Z/phase_events/g24_n16.csv,1e-06
ok,,2026-04-28T18:20:24.165215Z,8192,8192,32768,bfloat16,24,32,48,32.0,20.0,810.0669555664062,34751.69921875,34.75184488296509,14751.69921875,34751.69921875,20000.0,48,48,27,28,19201.201110839844,357.0647029876709,711.155596697772,12.752310820988246,648,896,8796093022208.0,296.84956922684285,344.4834435401831,347.68,302.33,1410.0,1410.0,1410.0,1966,344.4375267104505,345.5175,1410.0,1410.0,/home/cage/wattserve/results/two_gemm_norm_steady_window_sweep/20260428T172623Z/monitor/g24_n32.csv,/home/cage/wattserve/results/two_gemm_norm_steady_window_sweep/20260428T172623Z/phase_events/g24_n32.csv,1e-06
ok,,2026-04-28T18:21:00.118729Z,8192,8192,32768,bfloat16,24,64,47,32.0,20.0,821.5347290039062,34620.66015625,34.62079119682312,14620.66015625,34620.66015625,20000.0,47,47,27,28,19197.203491210938,714.4509449005127,711.0075367115162,25.51610517501831,648,1792,8796093022208.0,296.911385087956,343.51491353001023,348.0,285.93,1410.0,1410.0,1410.0,1966,343.3939870408711,346.32761904761907,1410.0,1410.0,/home/cage/wattserve/results/two_gemm_norm_steady_window_sweep/20260428T172623Z/monitor/g24_n64.csv,/home/cage/wattserve/results/two_gemm_norm_steady_window_sweep/20260428T172623Z/phase_events/g24_n64.csv,1e-06
ok,,2026-04-28T18:21:35.951882Z,8192,8192,32768,bfloat16,24,128,46,32.0,20.0,849.5851440429688,35052.2421875,35.05239510536194,15052.2421875,35052.2421875,20000.0,46,46,26,27,18486.239318847656,1378.0459518432617,711.0092045710637,51.03873895715784,624,3456,8796093022208.0,296.91068860402135,340.78909647779477,347.15,274.62,1410.0,1410.0,1410.0,1959,340.4591554387641,344.7728148148148,1410.0,1410.0,/home/cage/wattserve/results/two_gemm_norm_steady_window_sweep/20260428T172623Z/monitor/g24_n128.csv,/home/cage/wattserve/results/two_gemm_norm_steady_window_sweep/20260428T172623Z/phase_events/g24_n128.csv,1e-06
ok,,2026-04-28T18:22:12.231505Z,8192,8192,32768,bfloat16,24,512,39,32.0,20.0,1001.533447265625,35690.5234375,35.69062685966492,15690.5234375,35690.5234375,20000.0,39,39,21,22,14929.263671875,4492.294158935547,710.9173177083334,204.19518904252485,504,11264,8796093022208.0,296.9490646443953,328.4480867346939,346.29,270.9,1410.0,1410.0,1410.0,1960,332.58599802819674,312.9471052631579,1410.0,1410.0,/home/cage/wattserve/results/two_gemm_norm_steady_window_sweep/20260428T172623Z/monitor/g24_n512.csv,/home/cage/wattserve/results/two_gemm_norm_steady_window_sweep/20260428T172623Z/phase_events/g24_n512.csv,1e-06
ok,,2026-04-28T18:22:49.302087Z,8192,8192,32768,bfloat16,24,1024,32,32.0,20.0,1206.3118896484375,35805.15625,35.80524921417236,15805.15625,35805.15625,20000.0,32,32,17,18,12075.905944824219,7351.460876464844,710.3474085190717,408.4144931369358,408,18432,8796093022208.0,297.18730581857835,313.15184277692697,340.75,266.56,1410.0,1410.0,1410.0,1959,326.9500214346608,288.5865138888889,1410.0,1410.0,/home/cage/wattserve/results/two_gemm_norm_steady_window_sweep/20260428T172623Z/monitor/g24_n1024.csv,/home/cage/wattserve/results/two_gemm_norm_steady_window_sweep/20260428T172623Z/phase_events/g24_n1024.csv,1e-06
ok,,2026-04-28T18:23:26.693343Z,8192,8192,32768,bfloat16,24,2048,24,32.0,20.0,1614.6810302734375,36666.15625,36.666231870651245,16666.15625,36666.15625,20000.0,24,24,13,13,9242.651611328125,10618.408935546875,710.9732008713943,816.8006873497596,312,26624,8796093022208.0,296.9257241682987,302.82191836734694,343.65,267.68,1410.0,1410.0,1410.0,1960,329.7082852365026,279.8676730769231,1410.0,1410.0,/home/cage/wattserve/results/two_gemm_norm_steady_window_sweep/20260428T172623Z/monitor/g24_n2048.csv,/home/cage/wattserve/results/two_gemm_norm_steady_window_sweep/20260428T172623Z/phase_events/g24_n2048.csv,1e-06
ok,,2026-04-28T18:24:05.351251Z,8192,8192,32768,bfloat16,24,4096,16,32.0,20.0,2427.85888671875,37507.05078125,37.50711631774902,17507.05078125,37507.05078125,20000.0,16,16,8,8,5684.7545166015625,13069.302734375,710.5943145751953,1633.662841796875,192,32768,8796093022208.0,297.0840438812049,284.98432584269665,341.67,263.65,1410.0,1410.0,1410.0,1958,324.4862375776397,269.78291930318323,1410.0,1410.0,/home/cage/wattserve/results/two_gemm_norm_steady_window_sweep/20260428T172623Z/monitor/g24_n4096.csv,/home/cage/wattserve/results/two_gemm_norm_steady_window_sweep/20260428T172623Z/phase_events/g24_n4096.csv,1e-06
ok,,2026-04-28T18:24:45.656799Z,8192,8192,32768,bfloat16,32,8,37,32.0,20.0,1063.0419921875,35213.39453125,35.21351861953735,15213.39453125,35213.39453125,20000.0,37,37,21,22,19916.419067382812,69.96787095069885,948.4009079706101,3.1803577704863115,672,176,8796093022208.0,296.7890207032347,342.0573163265306,344.33,327.48,1410.0,1410.0,1410.0,1960,342.0565543462867,342.79333333333335,1410.0,1410.0,/home/cage/wattserve/results/two_gemm_norm_steady_window_sweep/20260428T172623Z/monitor/g32_n8.csv,/home/cage/wattserve/results/two_gemm_norm_steady_window_sweep/20260428T172623Z/phase_events/g32_n8.csv,1e-06
ok,,2026-04-28T18:25:22.307941Z,8192,8192,32768,bfloat16,32,16,37,32.0,20.0,1064.9876708984375,35325.18359375,35.3252649307251,15325.18359375,35325.18359375,20000.0,37,37,20,21,18965.83465576172,133.7671675682068,948.2917327880859,6.369865122295561,640,336,8796093022208.0,296.8231895084516,341.74794897959185,343.65,338.17,1410.0,1410.0,1410.0,1960,341.75727156132814,341.8535714285714,1410.0,1410.0,/home/cage/wattserve/results/two_gemm_norm_steady_window_sweep/20260428T172623Z/monitor/g32_n16.csv,/home/cage/wattserve/results/two_gemm_norm_steady_window_sweep/20260428T172623Z/phase_events/g32_n16.csv,1e-06
ok,,2026-04-28T18:25:59.072746Z,8192,8192,32768,bfloat16,32,32,36,32.0,20.0,1072.8253173828125,34598.45703125,34.59853434562683,14598.45703125,34598.45703125,20000.0,36,36,20,21,18964.02734375,267.7759962081909,948.2013671875,12.751237914675759,640,672,8796093022208.0,296.85147738771013,341.1498470948012,343.65,297.72,1410.0,1410.0,1410.0,1962,341.10364378860675,342.0728571428571,1410.0,1410.0,/home/cage/wattserve/results/two_gemm_norm_steady_window_sweep/20260428T172623Z/monitor/g32_n32.csv,/home/cage/wattserve/results/two_gemm_norm_steady_window_sweep/20260428T172623Z/phase_events/g32_n32.csv,1e-06
ok,,2026-04-28T18:26:35.120972Z,8192,8192,32768,bfloat16,32,64,36,32.0,20.0,1086.8541259765625,35055.56640625,35.055649280548096,15055.56640625,35055.56640625,20000.0,36,36,20,21,18961.855529785156,535.8858222961426,948.0927764892579,25.518372490292503,640,1344,8796093022208.0,296.8854775509885,340.16685015290517,343.97,281.87,1410.0,1410.0,1410.0,1962,340.0875408746382,341.3202380952381,1410.0,1410.0,/home/cage/wattserve/results/two_gemm_norm_steady_window_sweep/20260428T172623Z/monitor/g32_n64.csv,/home/cage/wattserve/results/two_gemm_norm_steady_window_sweep/20260428T172623Z/phase_events/g32_n64.csv,1e-06
ok,,2026-04-28T18:27:11.635299Z,8192,8192,32768,bfloat16,32,128,35,32.0,20.0,1112.7562255859375,34974.55078125,34.974621057510376,14974.55078125,34974.55078125,20000.0,35,35,20,20,18964.114379882812,1020.7580184936523,948.2057189941406,51.03790092468262,640,2560,8796093022208.0,296.85011498269114,338.7259582059123,344.25,270.0,1410.0,1410.0,1410.0,1962,338.79273132578356,337.4277,1410.0,1410.0,/home/cage/wattserve/results/two_gemm_norm_steady_window_sweep/20260428T172623Z/monitor/g32_n128.csv,/home/cage/wattserve/results/two_gemm_norm_steady_window_sweep/20260428T172623Z/phase_events/g32_n128.csv,1e-06
ok,,2026-04-28T18:27:48.099160Z,8192,8192,32768,bfloat16,32,512,31,32.0,20.0,1265.1151123046875,35724.56640625,35.7246367931366,15724.56640625,35724.56640625,20000.0,31,31,17,18,16119.613342285156,3675.4022369384766,948.2125495461856,204.1890131632487,544,9216,8796093022208.0,296.8479765906598,328.47941265822783,343.97,266.28,1410.0,1410.0,1410.0,1975,332.8472322257661,308.4051791283765,1410.0,1410.0,/home/cage/wattserve/results/two_gemm_norm_steady_window_sweep/20260428T172623Z/monitor/g32_n512.csv,/home/cage/wattserve/results/two_gemm_norm_steady_window_sweep/20260428T172623Z/phase_events/g32_n512.csv,1e-06
ok,,2026-04-28T18:28:25.457495Z,8192,8192,32768,bfloat16,32,1024,27,32.0,20.0,1469.05908203125,36631.98828125,36.63203525543213,16631.98828125,36631.98828125,20000.0,27,27,14,15,13277.548522949219,6126.068695068359,948.3963230678013,408.404579671224,448,15360,8796093022208.0,296.79045549244836,319.18757070707073,344.25,265.96,1410.0,1410.0,1410.0,1980,331.842132986034,289.56189186991867,1410.0,1410.0,/home/cage/wattserve/results/two_gemm_norm_steady_window_sweep/20260428T172623Z/monitor/g32_n1024.csv,/home/cage/wattserve/results/two_gemm_norm_steady_window_sweep/20260428T172623Z/phase_events/g32_n1024.csv,1e-06
ok,,2026-04-28T18:29:03.932037Z,8192,8192,32768,bfloat16,32,2048,21,32.0,20.0,1877.4569091796875,37070.046875,37.07008457183838,17070.046875,37070.046875,20000.0,21,21,11,11,10433.360961914062,8984.824768066406,948.4873601740056,816.8022516424006,352,22528,8796093022208.0,296.761969141073,305.7202804691484,343.97,265.11,1410.0,1410.0,1410.0,1961,332.4627468230694,277.22634567901235,1410.0,1410.0,/home/cage/wattserve/results/two_gemm_norm_steady_window_sweep/20260428T172623Z/monitor/g32_n2048.csv,/home/cage/wattserve/results/two_gemm_norm_steady_window_sweep/20260428T172623Z/phase_events/g32_n2048.csv,1e-06
ok,,2026-04-28T18:29:43.249432Z,8192,8192,32768,bfloat16,32,4096,15,32.0,20.0,2695.29296875,38715.37109375,38.715407609939575,18715.37109375,38715.37109375,20000.0,15,15,7,8,6631.454650878906,13069.158569335938,947.3506644112723,1633.6448211669922,224,32768,8796093022208.0,297.118044336389,288.72426823049466,338.76,261.93,1410.0,1410.0,1410.0,1961,327.48248196754156,267.9733877620342,1410.0,1410.0,/home/cage/wattserve/results/two_gemm_norm_steady_window_sweep/20260428T172623Z/monitor/g32_n4096.csv,/home/cage/wattserve/results/two_gemm_norm_steady_window_sweep/20260428T172623Z/phase_events/g32_n4096.csv,1e-06
ok,,2026-04-28T18:30:25.023257Z,8192,8192,32768,bfloat16,48,8,25,32.0,20.0,1592.026123046875,35629.22265625,35.62932109832764,15629.22265625,35629.22265625,20000.0,25,25,14,15,19897.067626953125,47.70201516151428,1421.2191162109375,3.180134344100952,672,120,8796093022208.0,297.077671029102,393.16511473737893,396.2,366.17,1410.0,1410.0,1410.0,1961,393.17502653901727,393.37125,1410.0,1410.0,/home/cage/wattserve/results/two_gemm_norm_steady_window_sweep/20260428T172623Z/monitor/g48_n8.csv,/home/cage/wattserve/results/two_gemm_norm_steady_window_sweep/20260428T172623Z/phase_events/g48_n8.csv,1e-06
ok,,2026-04-28T18:31:02.618634Z,8192,8192,32768,bfloat16,48,16,24,32.0,20.0,1600.1177978515625,34261.32421875,34.261497497558594,14261.32421875,34261.32421875,20000.0,24,24,14,15,19894.121704101562,95.55558395385742,1421.0086931501116,6.370372263590495,672,240,8796093022208.0,297.1216623101845,394.68108618052014,397.38,353.76,1410.0,1410.0,1410.0,1961,394.67945338423135,395.41333333333336,1410.0,1410.0,/home/cage/wattserve/results/two_gemm_norm_steady_window_sweep/20260428T172623Z/monitor/g48_n16.csv,/home/cage/wattserve/results/two_gemm_norm_steady_window_sweep/20260428T172623Z/phase_events/g48_n16.csv,1e-06
ok,,2026-04-28T18:31:38.848886Z,8192,8192,32768,bfloat16,48,32,24,32.0,20.0,1607.8837890625,34411.390625,34.41155767440796,14411.390625,34411.390625,20000.0,24,24,13,14,18471.5244140625,178.54156589508057,1420.886493389423,12.752968992505755,624,448,8796093022208.0,297.14721550968255,394.31119387755103,397.12,321.41,1410.0,1410.0,1410.0,1960,394.5006984346589,395.7807142857143,1410.0,1410.0,/home/cage/wattserve/results/two_gemm_norm_steady_window_sweep/20260428T172623Z/monitor/g48_n32.csv,/home/cage/wattserve/results/two_gemm_norm_steady_window_sweep/20260428T172623Z/phase_events/g48_n32.csv,1e-06
ok,,2026-04-28T18:32:15.240065Z,8192,8192,32768,bfloat16,48,64,24,32.0,20.0,1621.1209716796875,34715.48828125,34.71567249298096,14715.48828125,34715.48828125,20000.0,24,24,13,14,18471.476196289062,357.1650562286377,1420.882784329928,25.51178973061698,624,896,8796093022208.0,297.1479911800709,393.03709035222056,397.38,264.25,1410.0,1410.0,1410.0,1959,392.8064743062693,395.87666666666667,1410.0,1410.0,/home/cage/wattserve/results/two_gemm_norm_steady_window_sweep/20260428T172623Z/monitor/g48_n64.csv,/home/cage/wattserve/results/two_gemm_norm_steady_window_sweep/20260428T172623Z/phase_events/g48_n64.csv,1e-06
ok,,2026-04-28T18:32:51.943186Z,8192,8192,32768,bfloat16,48,128,24,32.0,20.0,1646.7589111328125,35326.94140625,35.327138900756836,15326.94140625,35326.94140625,20000.0,24,24,13,14,18471.139282226562,714.526725769043,1420.8568678635818,51.037623269217356,624,1792,8796093022208.0,297.1534111671839,390.96824810126583,397.98,237.36,1410.0,1410.0,1410.0,1975,390.7125155314607,391.0794761904762,1410.0,1410.0,/home/cage/wattserve/results/two_gemm_norm_steady_window_sweep/20260428T172623Z/monitor/g48_n128.csv,/home/cage/wattserve/results/two_gemm_norm_steady_window_sweep/20260428T172623Z/phase_events/g48_n128.csv,1e-06
ok,,2026-04-28T18:33:29.284577Z,8192,8192,32768,bfloat16,48,512,22,32.0,20.0,1798.10400390625,35753.41796875,35.75354218482971,15753.41796875,35753.41796875,20000.0,22,22,12,13,17052.141357421875,2654.6278228759766,1421.0117797851562,204.20214022122897,576,6656,8796093022208.0,297.1210169206469,373.5476887755102,397.12,230.45,1410.0,1410.0,1410.0,1960,380.3888726019184,327.0767307692308,1410.0,1410.0,/home/cage/wattserve/results/two_gemm_norm_steady_window_sweep/20260428T172623Z/monitor/g48_n512.csv,/home/cage/wattserve/results/two_gemm_norm_steady_window_sweep/20260428T172623Z/phase_events/g48_n512.csv,1e-06
ok,,2026-04-28T18:34:07.209414Z,8192,8192,32768,bfloat16,48,1024,20,32.0,20.0,2001.623046875,36600.21875,36.6003315448761,16600.21875,36600.21875,20000.0,20,20,10,11,14216.473510742188,4492.5224609375,1421.6473510742187,408.4111328125,480,11264,8796093022208.0,296.98818398736773,356.4234336734694,396.52,226.09,1410.0,1410.0,1410.0,1960,377.6732268756424,280.3741856984479,1410.0,1410.0,/home/cage/wattserve/results/two_gemm_norm_steady_window_sweep/20260428T172623Z/monitor/g48_n1024.csv,/home/cage/wattserve/results/two_gemm_norm_steady_window_sweep/20260428T172623Z/phase_events/g48_n1024.csv,1e-06
ok,,2026-04-28T18:34:46.179451Z,8192,8192,32768,bfloat16,48,2048,16,32.0,20.0,2409.387939453125,35819.94140625,35.8200318813324,15819.94140625,35819.94140625,20000.0,16,16,8,9,11375.729614257812,7351.215148925781,1421.9662017822266,816.8016832139757,384,18432,8796093022208.0,296.9215896529766,329.1635666836995,389.27,224.11,1410.0,1410.0,1410.0,1957,373.3733273381295,250.8914166666667,1410.0,1410.0,/home/cage/wattserve/results/two_gemm_norm_steady_window_sweep/20260428T172623Z/monitor/g48_n2048.csv,/home/cage/wattserve/results/two_gemm_norm_steady_window_sweep/20260428T172623Z/phase_events/g48_n2048.csv,1e-06
ok,,2026-04-28T18:35:24.770483Z,8192,8192,32768,bfloat16,48,4096,12,32.0,20.0,3225.47802734375,36668.86328125,36.66894197463989,16668.86328125,36668.86328125,20000.0,12,12,6,7,8533.541870117188,11435.460571289062,1422.2569783528645,1633.6372244698662,288,28672,8796093022208.0,296.86088484160865,292.426988259316,387.55,220.34,1410.0,1410.0,1410.0,1959,371.12825590955805,233.06311129829288,1410.0,1410.0,/home/cage/wattserve/results/two_gemm_norm_steady_window_sweep/20260428T172623Z/monitor/g48_n4096.csv,/home/cage/wattserve/results/two_gemm_norm_steady_window_sweep/20260428T172623Z/phase_events/g48_n4096.csv,1e-06
ok,,2026-04-28T18:36:05.029962Z,8192,8192,32768,bfloat16,64,8,19,32.0,20.0,2070.20849609375,36056.734375,36.05688810348511,16056.734375,36056.734375,20000.0,19,19,10,11,18945.032104492188,34.97779107093811,1894.5032104492188,3.179799188267101,640,88,8796093022208.0,297.1491155656722,395.970706300813,398.25,377.65,1410.0,1410.0,1410.0,1968,395.985562871845,396.1925,1410.0,1410.0,/home/cage/wattserve/results/two_gemm_norm_steady_window_sweep/20260428T172623Z/monitor/g64_n8.csv,/home/cage/wattserve/results/two_gemm_norm_steady_window_sweep/20260428T172623Z/phase_events/g64_n8.csv,1e-06
ok,,2026-04-28T18:36:43.527278Z,8192,8192,32768,bfloat16,64,16,19,32.0,20.0,2082.209716796875,36117.51953125,36.11769509315491,16117.51953125,36117.51953125,20000.0,19,19,10,11,18944.897094726562,70.07846355438232,1894.4897094726562,6.370769414034757,640,176,8796093022208.0,297.15123318247674,396.2775855028076,398.25,356.39,1410.0,1410.0,1410.0,1959,396.24223048376996,397.105,1410.0,1410.0,/home/cage/wattserve/results/two_gemm_norm_steady_window_sweep/20260428T172623Z/monitor/g64_n16.csv,/home/cage/wattserve/results/two_gemm_norm_steady_window_sweep/20260428T172623Z/phase_events/g64_n16.csv,1e-06
ok,,2026-04-28T18:37:22.103416Z,8192,8192,32768,bfloat16,64,32,19,32.0,20.0,2085.530517578125,36239.70703125,36.23983192443848,16239.70703125,36239.70703125,20000.0,19,19,10,11,18946.033569335938,140.25113582611084,1894.6033569335937,12.750103256919168,640,352,8796093022208.0,297.1334086161674,394.5608673469388,399.1,299.49,1410.0,1410.0,1410.0,1960,394.4206634117989,396.8190909090909,1410.0,1410.0,/home/cage/wattserve/results/two_gemm_norm_steady_window_sweep/20260428T172623Z/monitor/g64_n32.csv,/home/cage/wattserve/results/two_gemm_norm_steady_window_sweep/20260428T172623Z/phase_events/g64_n32.csv,1e-06
ok,,2026-04-28T18:38:00.804972Z,8192,8192,32768,bfloat16,64,64,19,32.0,20.0,2100.147216796875,36481.96875,36.48215937614441,16481.96875,36481.96875,20000.0,19,19,10,11,18945.645629882812,280.705020904541,1894.5645629882813,25.518638264049184,640,704,8796093022208.0,297.1394928517905,394.75908580183864,399.43,263.66,1410.0,1410.0,1410.0,1958,394.60576030223774,397.60045454545457,1410.0,1410.0,/home/cage/wattserve/results/two_gemm_norm_steady_window_sweep/20260428T172623Z/monitor/g64_n64.csv,/home/cage/wattserve/results/two_gemm_norm_steady_window_sweep/20260428T172623Z/phase_events/g64_n64.csv,1e-06
ok,,2026-04-28T18:38:39.755903Z,8192,8192,32768,bfloat16,64,128,19,32.0,20.0,2126.07177734375,36964.3671875,36.96455430984497,16964.3671875,36964.3671875,20000.0,19,19,10,11,18944.213989257812,561.3639640808105,1894.4213989257812,51.03308764371005,640,1408,8796093022208.0,297.16194809693815,393.4048799182422,399.69,239.35,1410.0,1410.0,1410.0,1957,393.2002863411799,395.8481818181818,1410.0,1410.0,/home/cage/wattserve/results/two_gemm_norm_steady_window_sweep/20260428T172623Z/monitor/g64_n128.csv,/home/cage/wattserve/results/two_gemm_norm_steady_window_sweep/20260428T172623Z/phase_events/g64_n128.csv,1e-06
ok,,2026-04-28T18:39:19.213753Z,8192,8192,32768,bfloat16,64,512,17,32.0,20.0,2280.67431640625,35677.13671875,35.677263259887695,15677.13671875,35677.13671875,20000.0,17,17,9,10,17049.640991210938,2041.9245910644531,1894.4045545789932,204.1924591064453,576,5120,8796093022208.0,297.1645903514101,382.0614037774375,400.28,232.14,1410.0,1410.0,1410.0,1959,386.93203019148183,334.40895,1410.0,1410.0,/home/cage/wattserve/results/two_gemm_norm_steady_window_sweep/20260428T172623Z/monitor/g64_n512.csv,/home/cage/wattserve/results/two_gemm_norm_steady_window_sweep/20260428T172623Z/phase_events/g64_n512.csv,1e-06
ok,,2026-04-28T18:39:57.544225Z,8192,8192,32768,bfloat16,64,1024,16,32.0,20.0,2489.681884765625,36853.578125,36.853689670562744,16853.578125,36853.578125,20000.0,16,16,8,9,15162.807250976562,3675.5067138671875,1895.3509063720703,408.38963487413196,512,9216,8796093022208.0,297.0162155876802,364.23375191424196,398.68,227.01,1410.0,1410.0,1410.0,1959,383.16877059721014,276.07659485094854,1410.0,1410.0,/home/cage/wattserve/results/two_gemm_norm_steady_window_sweep/20260428T172623Z/monitor/g64_n1024.csv,/home/cage/wattserve/results/two_gemm_norm_steady_window_sweep/20260428T172623Z/phase_events/g64_n1024.csv,1e-06
ok,,2026-04-28T18:40:37.259170Z,8192,8192,32768,bfloat16,64,2048,14,32.0,20.0,2888.595458984375,37975.4765625,37.975569009780884,17975.4765625,37975.4765625,20000.0,14,14,7,8,13272.587280273438,6534.282165527344,1896.0838971819196,816.785270690918,448,16384,8796093022208.0,296.9013946366002,336.73845329249616,395.25,222.03,1410.0,1410.0,1410.0,1959,376.24762461078586,255.12979359567902,1410.0,1410.0,/home/cage/wattserve/results/two_gemm_norm_steady_window_sweep/20260428T172623Z/monitor/g64_n2048.csv,/home/cage/wattserve/results/two_gemm_norm_steady_window_sweep/20260428T172623Z/phase_events/g64_n2048.csv,1e-06
ok,,2026-04-28T18:41:18.494413Z,8192,8192,32768,bfloat16,64,4096,11,32.0,20.0,3702.739013671875,38831.46484375,38.83153223991394,18831.46484375,38831.46484375,20000.0,11,11,5,6,9482.939331054688,9801.734130859375,1896.5878662109376,1633.6223551432292,320,24576,8796093022208.0,296.82250079243147,304.16385321100915,387.29,219.49,1410.0,1410.0,1410.0,1962,371.7810922406277,233.0128088768116,1410.0,1410.0,/home/cage/wattserve/results/two_gemm_norm_steady_window_sweep/20260428T172623Z/monitor/g64_n4096.csv,/home/cage/wattserve/results/two_gemm_norm_steady_window_sweep/20260428T172623Z/phase_events/g64_n4096.csv,1e-06
