run_timestamp_utc,model,prompt_len,variant,replace_ln,replace_attention,replace_rope,replace_activation,status,error_type,error_message,canonical_num_hidden_layers,num_hidden_layers,hidden_size,intermediate_size,parameter_count,parameter_count_with_lm_head,estimated_runtime_memory_gib,warmup,repeat,ttft_ms,prefill_tflops_s,avg_power_watts,max_power_watts,avg_gpu_clock_mhz,max_gpu_clock_mhz,monitor_sample_count,monitor_csv
2026-04-24T08:24:18.439063Z,7B,16,baseline,False,False,False,False,ok,,,32,32,4096,11008,6607351808,6738423808,12.551292419433594,5,10,20.618839500821196,10.057131961851738,115.90599999999999,116.8,1023.0,1410,20,monitor/7B_prompt16_baseline.csv
2026-04-24T08:24:22.610984Z,7B,16,replace_ln,True,False,False,False,ok,,,32,32,4096,11008,6607351808,6738423808,12.551292419433594,5,10,16.42841520078946,12.622422018530132,185.31,191.87,1410.0,1410,16,monitor/7B_prompt16_replace_ln.csv
2026-04-24T08:24:22.899256Z,7B,16,replace_attention,False,True,False,False,ok,,,32,32,4096,11008,6607351808,6738423808,12.551292419433594,5,10,17.149779002647847,12.083664285120193,203.50882352941176,207.96,1410.0,1410,17,monitor/7B_prompt16_replace_attention.csv
2026-04-24T08:24:23.199530Z,7B,16,replace_rope,False,False,True,False,ok,,,32,32,4096,11008,6607351808,6738423808,12.551292419433594,5,10,19.10395089944359,10.854633727416019,190.31526315789472,194.91,1410.0,1410,19,monitor/7B_prompt16_replace_rope.csv
2026-04-24T08:24:23.531417Z,7B,16,replace_activation,False,False,False,True,ok,,,32,32,4096,11008,6607351808,6738423808,12.551292419433594,5,10,17.353880300652236,11.949280862113948,205.72,222.97,1410.0,1410,18,monitor/7B_prompt16_replace_activation.csv
2026-04-24T08:24:23.842939Z,7B,32,baseline,False,False,False,False,ok,,,32,32,4096,11008,6607351808,6738423808,12.551292419433594,5,10,20.383173300069757,20.359990511123197,183.50349999999997,188.26,1410.0,1410,20,monitor/7B_prompt32_baseline.csv
2026-04-24T08:24:24.235360Z,7B,32,replace_ln,True,False,False,False,ok,,,32,32,4096,11008,6607351808,6738423808,12.551292419433594,5,10,15.78181030054111,26.296173067152562,210.99562500000002,225.3,1410.0,1410,16,monitor/7B_prompt32_replace_ln.csv
2026-04-24T08:24:24.525316Z,7B,32,replace_attention,False,True,False,False,ok,,,32,32,4096,11008,6607351808,6738423808,12.551292419433594,5,10,17.21467000024859,24.076229405385927,214.5235294117647,223.3,1410.0,1410,17,monitor/7B_prompt32_replace_attention.csv
2026-04-24T08:24:24.826089Z,7B,32,replace_rope,False,False,True,False,ok,,,32,32,4096,11008,6607351808,6738423808,12.551292419433594,5,10,19.011459601460956,21.829003331449037,203.56894736842105,225.01,1410.0,1410,19,monitor/7B_prompt32_replace_rope.csv
2026-04-24T08:24:25.156268Z,7B,32,replace_activation,False,False,False,True,ok,,,32,32,4096,11008,6607351808,6738423808,12.551292419433594,5,10,17.299777999869548,23.988817369744826,198.27222222222224,212.33,1410.0,1410,18,monitor/7B_prompt32_replace_activation.csv
2026-04-24T08:24:25.468521Z,7B,64,baseline,False,False,False,False,ok,,,32,32,4096,11008,6607351808,6738423808,12.551292419433594,5,10,20.582929899683222,40.37696167778284,205.63952380952384,211.89,1410.0,1410,21,monitor/7B_prompt64_baseline.csv
2026-04-24T08:24:25.827333Z,7B,64,replace_ln,True,False,False,False,ok,,,32,32,4096,11008,6607351808,6738423808,12.551292419433594,5,10,16.068108699982986,51.72209046462824,216.005,222.44,1410.0,1410,16,monitor/7B_prompt64_replace_ln.csv
2026-04-24T08:24:26.118416Z,7B,64,replace_attention,False,True,False,False,ok,,,32,32,4096,11008,6607351808,6738423808,12.551292419433594,5,10,17.312542401487008,47.88024016950865,235.8622222222222,241.47,1410.0,1410,18,monitor/7B_prompt64_replace_attention.csv
2026-04-24T08:24:26.434930Z,7B,64,replace_rope,False,False,True,False,ok,,,32,32,4096,11008,6607351808,6738423808,12.551292419433594,5,10,19.294289199751802,43.073686891077124,222.14842105263156,226.58,1410.0,1410,19,monitor/7B_prompt64_replace_rope.csv
2026-04-24T08:24:26.766806Z,7B,64,replace_activation,False,False,False,True,ok,,,32,32,4096,11008,6607351808,6738423808,12.551292419433594,5,10,17.51828790002037,47.440490561582436,228.4755555555556,242.25,1410.0,1410,18,monitor/7B_prompt64_replace_activation.csv
2026-04-24T08:24:27.078786Z,7B,128,baseline,False,False,False,False,ok,,,32,32,4096,11008,6607351808,6738423808,12.551292419433594,5,10,20.95169740205165,79.53758012392909,255.8104761904762,262.37,1365.0,1365,21,monitor/7B_prompt128_baseline.csv
2026-04-24T08:24:27.444278Z,7B,128,replace_ln,True,False,False,False,ok,,,32,32,4096,11008,6607351808,6738423808,12.551292419433594,5,10,16.279569000471383,102.36433844162256,240.77529411764704,252.13,1395.0,1395,17,monitor/7B_prompt128_replace_ln.csv
2026-04-24T08:24:27.740369Z,7B,128,replace_attention,False,True,False,False,ok,,,32,32,4096,11008,6607351808,6738423808,12.551292419433594,5,10,17.81236800015904,93.07338452928872,247.21444444444444,252.7,1326.6666666666667,1395,18,monitor/7B_prompt128_replace_attention.csv
2026-04-24T08:24:28.262275Z,7B,128,replace_rope,False,False,True,False,ok,,,32,32,4096,11008,6607351808,6738423808,12.551292419433594,5,10,19.833140398259275,84.02337085226611,250.97400000000002,256.86,1354.5,1395,20,monitor/7B_prompt128_replace_rope.csv
2026-04-24T08:24:28.608695Z,7B,128,replace_activation,False,False,False,True,ok,,,32,32,4096,11008,6607351808,6738423808,12.551292419433594,5,10,18.000445200596005,92.57811638974479,262.9922222222222,272.07,1311.6666666666667,1320,18,monitor/7B_prompt128_replace_activation.csv
2026-04-24T08:24:28.925803Z,7B,256,baseline,False,False,False,False,ok,,,32,32,4096,11008,6607351808,6738423808,12.551292419433594,5,10,24.651816199184395,135.89564613867424,259.5012,304.92,1170.0,1170,25,monitor/7B_prompt256_baseline.csv
2026-04-24T08:24:29.345804Z,7B,256,replace_ln,True,False,False,False,ok,,,32,32,4096,11008,6607351808,6738423808,12.551292419433594,5,10,20.84404430061113,160.72094467683405,254.6738095238095,260.37,1335.0,1335,21,monitor/7B_prompt256_replace_ln.csv
2026-04-24T08:24:29.707229Z,7B,256,replace_attention,False,True,False,False,ok,,,32,32,4096,11008,6607351808,6738423808,12.551292419433594,5,10,24.258093698881567,136.68488520451518,253.59416666666667,262.71,1155.0,1155,24,monitor/7B_prompt256_replace_attention.csv
2026-04-24T08:24:30.113502Z,7B,256,replace_rope,False,False,True,False,ok,,,32,32,4096,11008,6607351808,6738423808,12.551292419433594,5,10,24.393406600574963,137.3352457791212,256.59125,269.73,1170.0,1170,24,monitor/7B_prompt256_replace_rope.csv
2026-04-24T08:24:30.519292Z,7B,256,replace_activation,False,False,False,True,ok,,,32,32,4096,11008,6607351808,6738423808,12.551292419433594,5,10,23.953001099289395,139.8603238480787,252.33666666666667,257.42,1158.75,1170,24,monitor/7B_prompt256_replace_activation.csv
2026-04-24T08:24:30.929550Z,7B,512,baseline,False,False,False,False,ok,,,32,32,4096,11008,6607351808,6738423808,12.551292419433594,5,10,44.47157620161306,152.20662357028132,251.9209090909091,284.4,1146.4772727272727,1155,44,monitor/7B_prompt512_baseline.csv
2026-04-24T08:24:31.641922Z,7B,512,replace_ln,True,False,False,False,ok,,,32,32,4096,11008,6607351808,6738423808,12.551292419433594,5,10,37.58574470120948,180.0913753952621,252.92162162162163,269.27,1316.3513513513512,1335,37,monitor/7B_prompt512_replace_ln.csv
2026-04-24T08:24:32.248379Z,7B,512,replace_attention,False,True,False,False,ok,,,32,32,4096,11008,6607351808,6738423808,12.551292419433594,5,10,43.50441669812426,152.43117844882912,251.91418604651162,292.07,1125.0,1125,43,monitor/7B_prompt512_replace_attention.csv
2026-04-24T08:24:32.946925Z,7B,512,replace_rope,False,False,True,False,ok,,,32,32,4096,11008,6607351808,6738423808,12.551292419433594,5,10,44.09347920154687,153.5117795435507,252.26977272727274,283.79,1140.0,1140,44,monitor/7B_prompt512_replace_rope.csv
2026-04-24T08:24:33.654747Z,7B,512,replace_activation,False,False,False,True,ok,,,32,32,4096,11008,6607351808,6738423808,12.551292419433594,5,10,42.835613200441,158.0196465689048,251.14952380952383,277.64,1139.2857142857142,1140,42,monitor/7B_prompt512_replace_activation.csv
2026-04-24T08:24:34.340553Z,7B,1024,baseline,False,False,False,False,ok,,,32,32,4096,11008,6607351808,6738423808,12.551292419433594,5,10,89.45087600150146,154.4156462336283,249.1875,255.27,1173.409090909091,1185,88,monitor/7B_prompt1024_baseline.csv
2026-04-24T08:24:35.729156Z,7B,1024,replace_ln,True,False,False,False,ok,,,32,32,4096,11008,6607351808,6738423808,12.551292419433594,5,10,76.55301920021884,180.4320060559612,250.11342105263157,285.33,1334.8026315789473,1365,76,monitor/7B_prompt1024_replace_ln.csv
2026-04-24T08:24:36.936236Z,7B,1024,replace_attention,False,True,False,False,ok,,,32,32,4096,11008,6607351808,6738423808,12.551292419433594,5,10,87.14652780035976,152.19033213154876,249.75093023255812,258.2,1156.9186046511627,1170,86,monitor/7B_prompt1024_replace_attention.csv
2026-04-24T08:24:38.290686Z,7B,1024,replace_rope,False,False,True,False,ok,,,32,32,4096,11008,6607351808,6738423808,12.551292419433594,5,10,88.94609700073488,155.29197221348429,247.5256818181818,251.72,1164.8863636363637,1170,88,monitor/7B_prompt1024_replace_rope.csv
2026-04-24T08:24:39.673906Z,7B,1024,replace_activation,False,False,False,True,ok,,,32,32,4096,11008,6607351808,6738423808,12.551292419433594,5,10,86.4208259008592,159.82970169460825,247.72552941176468,255.12,1162.9411764705883,1170,85,monitor/7B_prompt1024_replace_activation.csv
2026-04-24T08:24:41.015332Z,7B,2048,baseline,False,False,False,False,ok,,,32,32,4096,11008,6607351808,6738423808,12.551292419433594,5,10,163.4542041021632,175.73571407006622,246.92366459627328,258.28,1105.9006211180124,1125,161,monitor/7B_prompt2048_baseline.csv
2026-04-24T08:24:43.516614Z,7B,2048,replace_ln,True,False,False,False,ok,,,32,32,4096,11008,6607351808,6738423808,12.551292419433594,5,10,136.89002960163634,209.8380821396552,244.4428148148148,305.37,1293.888888888889,1335,135,monitor/7B_prompt2048_replace_ln.csv
2026-04-24T08:24:45.623450Z,7B,2048,replace_attention,False,True,False,False,ok,,,32,32,4096,11008,6607351808,6738423808,12.551292419433594,5,10,155.4375034989789,170.65198181255047,246.71241830065358,260.75,1089.1176470588234,1110,153,monitor/7B_prompt2048_replace_attention.csv
2026-04-24T08:24:47.996165Z,7B,2048,replace_rope,False,False,True,False,ok,,,32,32,4096,11008,6607351808,6738423808,12.551292419433594,5,10,162.2352860023966,177.05606458032605,247.8741875,258.6,1097.15625,1110,160,monitor/7B_prompt2048_replace_rope.csv
2026-04-24T08:24:50.474237Z,7B,2048,replace_activation,False,False,False,True,ok,,,32,32,4096,11008,6607351808,6738423808,12.551292419433594,5,10,157.83651609963272,181.99046700648026,246.65354838709675,257.76,1091.4193548387098,1110,155,monitor/7B_prompt2048_replace_activation.csv
2026-04-24T08:24:52.879229Z,7B,4096,baseline,False,False,False,False,ok,,,32,32,4096,11008,6607351808,6738423808,12.551292419433594,5,10,322.4469536973629,191.80683319603588,248.4516403785489,255.68,1058.943217665615,1065,317,monitor/7B_prompt4096_baseline.csv
2026-04-24T08:24:57.758734Z,7B,4096,replace_ln,True,False,False,False,ok,,,32,32,4096,11008,6607351808,6738423808,12.551292419433594,5,10,265.36072160233743,233.0696445538126,243.45486590038314,321.83,1262.471264367816,1305,261,monitor/7B_prompt4096_replace_ln.csv
2026-04-24T08:25:01.790642Z,7B,4096,replace_attention,False,True,False,False,ok,,,32,32,4096,11008,6607351808,6738423808,12.551292419433594,5,10,295.79180569853634,179.35397471510993,249.75278350515464,256.94,1032.680412371134,1050,291,monitor/7B_prompt4096_replace_attention.csv
2026-04-24T08:25:06.276250Z,7B,4096,replace_rope,False,False,True,False,ok,,,32,32,4096,11008,6607351808,6738423808,12.551292419433594,5,10,321.23479029978625,192.53060667769506,248.95854430379745,257.59,1046.3449367088608,1050,316,monitor/7B_prompt4096_replace_rope.csv
2026-04-24T08:25:11.147629Z,7B,4096,replace_activation,False,False,False,True,ok,,,32,32,4096,11008,6607351808,6738423808,12.551292419433594,5,10,313.0861985991942,197.54153756734516,249.3957142857143,259.89,1037.8733766233765,1050,308,monitor/7B_prompt4096_replace_activation.csv
2026-04-24T08:25:15.887208Z,7B,8192,baseline,False,False,False,False,ok,,,32,32,4096,11008,6607351808,6738423808,12.551292419433594,5,10,702.3239273985382,201.17105320981275,248.4121884057971,264.07,1037.2608695652175,1050,690,monitor/7B_prompt8192_baseline.csv
2026-04-24T08:25:26.467873Z,7B,8192,replace_ln,True,False,False,False,ok,,,32,32,4096,11008,6607351808,6738423808,12.551292419433594,5,10,577.8035626979545,244.5247023218401,246.61357394366198,335.17,1244.3661971830986,1290,568,monitor/7B_prompt8192_replace_ln.csv
2026-04-24T08:25:35.176422Z,7B,8192,replace_attention,False,True,False,False,ok,,,32,32,4096,11008,6607351808,6738423808,12.551292419433594,5,10,598.789612998371,177.19557884293604,248.89139455782316,259.49,1012.4744897959183,1020,588,monitor/7B_prompt8192_replace_attention.csv
2026-04-24T08:25:44.210871Z,7B,8192,replace_rope,False,False,True,False,ok,,,32,32,4096,11008,6607351808,6738423808,12.551292419433594,5,10,700.5480931984494,201.6810059736934,248.98029069767443,260.27,1028.1758720930231,1050,688,monitor/7B_prompt8192_replace_rope.csv
2026-04-24T08:25:54.767955Z,7B,8192,replace_activation,False,False,False,True,ok,,,32,32,4096,11008,6607351808,6738423808,12.551292419433594,5,10,680.3764534997754,207.66039659728264,249.91395209580836,263.7,1025.8607784431138,1050,668,monitor/7B_prompt8192_replace_activation.csv
2026-04-24T08:26:05.017286Z,13B,16,baseline,False,False,False,False,ok,,,40,40,5120,13824,12852034560,13015874560,24.243955612182617,5,10,26.228948001516983,15.487405075358183,222.63115384615384,266.53,1355.7692307692307,1380,26,monitor/13B_prompt16_baseline.csv
2026-04-24T08:26:06.382197Z,13B,16,replace_ln,True,False,False,False,ok,,,40,40,5120,13824,12852034560,13015874560,24.243955612182617,5,10,23.122287599835545,17.56825922374952,246.5795652173913,255.28,1329.1304347826087,1335,23,monitor/13B_prompt16_replace_ln.csv
2026-04-24T08:26:06.792739Z,13B,16,replace_attention,False,True,False,False,ok,,,40,40,5120,13824,12852034560,13015874560,24.243955612182617,5,10,23.738421499729156,17.103438289046824,251.34416666666667,258.63,1297.5,1320,24,monitor/13B_prompt16_replace_attention.csv
2026-04-24T08:26:07.217301Z,13B,16,replace_rope,False,False,True,False,ok,,,40,40,5120,13824,12852034560,13015874560,24.243955612182617,5,10,24.48701419925783,16.58913328895411,267.56583333333333,322.79,1312.5,1320,24,monitor/13B_prompt16_replace_rope.csv
2026-04-24T08:26:07.639074Z,13B,16,replace_activation,False,False,False,True,ok,,,40,40,5120,13824,12852034560,13015874560,24.243955612182617,5,10,23.563150299014524,17.23955995888161,248.36249999999998,256.65,1300.0,1305,24,monitor/13B_prompt16_replace_activation.csv
2026-04-24T08:26:08.060232Z,13B,32,baseline,False,False,False,False,ok,,,40,40,5120,13824,12852034560,13015874560,24.243955612182617,5,10,26.09433970064856,31.15066809603145,233.94192307692308,251.87,1311.3461538461538,1320,26,monitor/13B_prompt32_baseline.csv
2026-04-24T08:26:08.507449Z,13B,32,replace_ln,True,False,False,False,ok,,,40,40,5120,13824,12852034560,13015874560,24.243955612182617,5,10,24.223118301597424,33.55703857279165,250.17125,253.03,1342.5,1350,24,monitor/13B_prompt32_replace_ln.csv
2026-04-24T08:26:08.935483Z,13B,32,replace_attention,False,True,False,False,ok,,,40,40,5120,13824,12852034560,13015874560,24.243955612182617,5,10,24.92961039824877,32.57240050799357,264.7172,345.32,1293.6,1305,25,monitor/13B_prompt32_replace_attention.csv
2026-04-24T08:26:09.369532Z,13B,32,replace_rope,False,False,True,False,ok,,,40,40,5120,13824,12852034560,13015874560,24.243955612182617,5,10,25.063912599580362,32.431333774025745,246.46200000000002,253.83,1299.0,1305,25,monitor/13B_prompt32_replace_rope.csv
2026-04-24T08:26:09.808557Z,13B,32,replace_activation,False,False,False,True,ok,,,40,40,5120,13824,12852034560,13015874560,24.243955612182617,5,10,24.666449998039752,32.953915754581544,249.8876,252.73,1301.4,1305,25,monitor/13B_prompt32_replace_activation.csv
2026-04-24T08:26:10.243989Z,13B,64,baseline,False,False,False,False,ok,,,40,40,5120,13824,12852034560,13015874560,24.243955612182617,5,10,25.507388499681838,63.80072785656983,260.0373076923077,338.45,1221.3461538461538,1230,26,monitor/13B_prompt64_baseline.csv
2026-04-24T08:26:10.692816Z,13B,64,replace_ln,True,False,False,False,ok,,,40,40,5120,13824,12852034560,13015874560,24.243955612182617,5,10,23.562044597929344,69.06828247591963,244.8083333333333,252.46,1300.0,1305,24,monitor/13B_prompt64_replace_ln.csv
2026-04-24T08:26:11.112587Z,13B,64,replace_attention,False,True,False,False,ok,,,40,40,5120,13824,12852034560,13015874560,24.243955612182617,5,10,24.544879302266054,66.1659195305175,253.64,256.94,1206.0,1215,25,monitor/13B_prompt64_replace_attention.csv
2026-04-24T08:26:11.550935Z,13B,64,replace_rope,False,False,True,False,ok,,,40,40,5120,13824,12852034560,13015874560,24.243955612182617,5,10,24.672546301735565,65.95954597055606,257.614,295.37,1209.0,1215,25,monitor/13B_prompt64_replace_rope.csv
2026-04-24T08:26:11.987103Z,13B,64,replace_activation,False,False,False,True,ok,,,40,40,5120,13824,12852034560,13015874560,24.243955612182617,5,10,24.179283998091705,67.30513410274837,251.54625,253.13,1211.25,1230,24,monitor/13B_prompt64_replace_activation.csv
2026-04-24T08:26:12.411913Z,13B,128,baseline,False,False,False,False,ok,,,40,40,5120,13824,12852034560,13015874560,24.243955612182617,5,10,31.86360870022327,102.35785974791821,253.79125,264.38,1170.0,1170,32,monitor/13B_prompt128_baseline.csv
2026-04-24T08:26:12.955143Z,13B,128,replace_ln,True,False,False,False,ok,,,40,40,5120,13824,12852034560,13015874560,24.243955612182617,5,10,29.338355001527816,111.16815480043634,248.5144827586207,250.99,1305.0,1305,29,monitor/13B_prompt128_replace_ln.csv
2026-04-24T08:26:13.459837Z,13B,128,replace_attention,False,True,False,False,ok,,,40,40,5120,13824,12852034560,13015874560,24.243955612182617,5,10,31.369067501509562,103.54369053028734,251.98,256.36,1148.7096774193549,1155,31,monitor/13B_prompt128_replace_attention.csv
2026-04-24T08:26:13.986293Z,13B,128,replace_rope,False,False,True,False,ok,,,40,40,5120,13824,12852034560,13015874560,24.243955612182617,5,10,31.64071709907148,103.07891506339188,250.05125,253.65,1156.40625,1170,32,monitor/13B_prompt128_replace_rope.csv
2026-04-24T08:26:14.530181Z,13B,128,replace_activation,False,False,False,True,ok,,,40,40,5120,13824,12852034560,13015874560,24.243955612182617,5,10,30.790581600740552,105.92494915138455,252.73967741935485,263.33,1155.0,1155,31,monitor/13B_prompt128_replace_activation.csv
2026-04-24T08:26:15.055389Z,13B,256,baseline,False,False,False,False,ok,,,40,40,5120,13824,12852034560,13015874560,24.243955612182617,5,10,44.327981100650504,147.7582548036207,244.28886363636363,255.95,1007.0454545454545,1035,44,monitor/13B_prompt256_baseline.csv
2026-04-24T08:26:15.776943Z,13B,256,replace_ln,True,False,False,False,ok,,,40,40,5120,13824,12852034560,13015874560,24.243955612182617,5,10,36.64465429901611,178.7388979837056,250.40243243243242,257.37,1192.7027027027027,1200,37,monitor/13B_prompt256_replace_ln.csv
2026-04-24T08:26:16.395823Z,13B,256,replace_attention,False,True,False,False,ok,,,40,40,5120,13824,12852034560,13015874560,24.243955612182617,5,10,43.15802819910459,150.5198060771177,248.4311627906977,251.86,1018.2558139534884,1020,43,monitor/13B_prompt256_replace_attention.csv
2026-04-24T08:26:17.105893Z,13B,256,replace_rope,False,False,True,False,ok,,,40,40,5120,13824,12852034560,13015874560,24.243955612182617,5,10,43.05657600052655,152.1213653013166,247.14697674418605,256.85,1030.1162790697674,1035,43,monitor/13B_prompt256_replace_rope.csv
2026-04-24T08:26:17.817246Z,13B,256,replace_activation,False,False,False,True,ok,,,40,40,5120,13824,12852034560,13015874560,24.243955612182617,5,10,42.32677599939052,154.74424809709848,246.80476190476188,251.16,1017.8571428571429,1020,42,monitor/13B_prompt256_replace_activation.csv
2026-04-24T08:26:18.520495Z,13B,512,baseline,False,False,False,False,ok,,,40,40,5120,13824,12852034560,13015874560,24.243955612182617,5,10,80.31746229971759,164.43528041157293,247.43898734177216,253.59,1039.5569620253164,1050,79,monitor/13B_prompt512_baseline.csv
2026-04-24T08:26:19.788181Z,13B,512,replace_ln,True,False,False,False,ok,,,40,40,5120,13824,12852034560,13015874560,24.243955612182617,5,10,66.54759999946691,198.45981576053526,250.92060606060605,278.81,1225.909090909091,1260,66,monitor/13B_prompt512_replace_ln.csv
2026-04-24T08:26:20.857812Z,13B,512,replace_attention,False,True,False,False,ok,,,40,40,5120,13824,12852034560,13015874560,24.243955612182617,5,10,79.03744750074111,164.3812709194357,246.60230769230768,256.35,1022.6923076923077,1050,78,monitor/13B_prompt512_replace_attention.csv
2026-04-24T08:26:22.099556Z,13B,512,replace_rope,False,False,True,False,ok,,,40,40,5120,13824,12852034560,13015874560,24.243955612182617,5,10,79.54375050030649,166.03472117082424,248.69102564102565,253.84,1036.7307692307693,1050,78,monitor/13B_prompt512_replace_rope.csv
2026-04-24T08:26:23.348465Z,13B,512,replace_activation,False,False,False,True,ok,,,40,40,5120,13824,12852034560,13015874560,24.243955612182617,5,10,77.69552640093025,169.9843613523915,247.47792207792207,254.96,1034.6103896103896,1050,77,monitor/13B_prompt512_replace_activation.csv
2026-04-24T08:26:24.578119Z,13B,1024,baseline,False,False,False,False,ok,,,40,40,5120,13824,12852034560,13015874560,24.243955612182617,5,10,156.09772299940232,171.966285505028,248.2387012987013,260.85,1052.7272727272727,1065,154,monitor/13B_prompt1024_baseline.csv
2026-04-24T08:26:26.985610Z,13B,1024,replace_ln,True,False,False,False,ok,,,40,40,5120,13824,12852034560,13015874560,24.243955612182617,5,10,129.8756478994619,206.68651925247656,244.0590625,291.37,1242.5390625,1275,128,monitor/13B_prompt1024_replace_ln.csv
2026-04-24T08:26:28.999974Z,13B,1024,replace_attention,False,True,False,False,ok,,,40,40,5120,13824,12852034560,13015874560,24.243955612182617,5,10,151.48687440087087,171.5300566043669,248.4984563758389,254.45,1041.543624161074,1050,149,monitor/13B_prompt1024_replace_attention.csv
2026-04-24T08:26:31.335032Z,13B,1024,replace_rope,False,False,True,False,ok,,,40,40,5120,13824,12852034560,13015874560,24.243955612182617,5,10,154.2796854977496,173.992742553209,248.7846052631579,257.25,1047.3355263157894,1065,152,monitor/13B_prompt1024_replace_rope.csv
2026-04-24T08:26:33.708072Z,13B,1024,replace_activation,False,False,False,True,ok,,,40,40,5120,13824,12852034560,13015874560,24.243955612182617,5,10,150.2865465998184,178.6157590770832,248.9710135135135,256.55,1047.8716216216217,1065,148,monitor/13B_prompt1024_replace_activation.csv
2026-04-24T08:26:36.028506Z,13B,2048,baseline,False,False,False,False,ok,,,40,40,5120,13824,12852034560,13015874560,24.243955612182617,5,10,293.79010449920315,188.58728483331294,249.30287197231834,253.86,1016.4705882352941,1020,289,monitor/13B_prompt2048_baseline.csv
2026-04-24T08:26:40.505317Z,13B,2048,replace_ln,True,False,False,False,ok,,,40,40,5120,13824,12852034560,13015874560,24.243955612182617,5,10,242.00666759861633,228.94029601817786,245.20525210084034,312.15,1211.9117647058824,1260,238,monitor/13B_prompt2048_replace_ln.csv
2026-04-24T08:26:44.478024Z,13B,2048,replace_attention,False,True,False,False,ok,,,40,40,5120,13824,12852034560,13015874560,24.243955612182617,5,10,281.13070109975524,184.85744914483567,249.3713768115942,255.96,1004.5108695652174,1020,276,monitor/13B_prompt2048_replace_attention.csv
2026-04-24T08:26:48.756056Z,13B,2048,replace_rope,False,False,True,False,ok,,,40,40,5120,13824,12852034560,13015874560,24.243955612182617,5,10,290.885474398965,190.47041875459539,248.9566783216783,255.5,1015.3846153846154,1020,286,monitor/13B_prompt2048_replace_rope.csv
2026-04-24T08:26:53.283649Z,13B,2048,replace_activation,False,False,False,True,ok,,,40,40,5120,13824,12852034560,13015874560,24.243955612182617,5,10,283.7361439014785,195.26972262525095,248.8736559139785,254.78,1009.6774193548387,1020,279,monitor/13B_prompt2048_replace_activation.csv
2026-04-24T08:26:57.606997Z,13B,4096,baseline,False,False,False,False,ok,,,40,40,5120,13824,12852034560,13015874560,24.243955612182617,5,10,603.7341633986216,194.92371153543485,248.9031703204047,253.7,1016.8128161888701,1020,593,monitor/13B_prompt4096_baseline.csv
2026-04-24T08:27:06.735157Z,13B,4096,replace_ln,True,False,False,False,ok,,,40,40,5120,13824,12852034560,13015874560,24.243955612182617,5,10,491.81443190027494,239.2815181443524,248.41664596273293,331.96,1231.1801242236024,1275,483,monitor/13B_prompt4096_replace_ln.csv
2026-04-24T08:27:14.174179Z,13B,4096,replace_attention,False,True,False,False,ok,,,40,40,5120,13824,12852034560,13015874560,24.243955612182617,5,10,558.4222230012529,186.128352852044,249.05610200364296,255.57,1005.5191256830601,1020,549,monitor/13B_prompt4096_replace_attention.csv
2026-04-24T08:27:22.630018Z,13B,4096,replace_rope,False,False,True,False,ok,,,40,40,5120,13824,12852034560,13015874560,24.243955612182617,5,10,599.0253441996174,196.455968098712,248.60682512733447,259.98,1015.4923599320883,1020,589,monitor/13B_prompt4096_replace_rope.csv
2026-04-24T08:27:31.692525Z,13B,4096,replace_activation,False,False,False,True,ok,,,40,40,5120,13824,12852034560,13015874560,24.243955612182617,5,10,584.0416263992665,201.4960896467838,249.0851567944251,258.01,1010.8275261324042,1020,574,monitor/13B_prompt4096_replace_activation.csv
2026-04-24T08:27:40.524561Z,13B,8192,baseline,False,False,False,False,ok,,,40,40,5120,13824,12852034560,13015874560,24.243955612182617,5,10,1286.0171814012574,204.39229142241618,248.95077593032462,261.85,1015.7838479809976,1035,1263,monitor/13B_prompt8192_baseline.csv
2026-04-24T08:27:59.883410Z,13B,8192,replace_ln,True,False,False,False,ok,,,40,40,5120,13824,12852034560,13015874560,24.243955612182617,5,10,1046.979572798591,251.05742780882815,246.0328279883382,334.44,1232.4489795918366,1290,1029,monitor/13B_prompt8192_replace_ln.csv
2026-04-24T08:28:15.655087Z,13B,8192,replace_attention,False,True,False,False,ok,,,40,40,5120,13824,12852034560,13015874560,24.243955612182617,5,10,1128.0402550997678,184.28102737168248,249.77571686203788,252.63,986.1722272317403,1005,1109,monitor/13B_prompt8192_replace_attention.csv
2026-04-24T08:28:32.644401Z,13B,8192,replace_rope,False,False,True,False,ok,,,40,40,5120,13824,12852034560,13015874560,24.243955612182617,5,10,1288.2388612022623,204.0397991641788,249.27580237154152,262.23,1002.1304347826087,1020,1265,monitor/13B_prompt8192_replace_rope.csv
2026-04-24T08:28:52.155150Z,13B,8192,replace_activation,False,False,False,True,ok,,,40,40,5120,13824,12852034560,13015874560,24.243955612182617,5,10,1508.1167905009352,174.29154039714078,217.5628831870358,236.71,827.1877110060769,915,1481,monitor/13B_prompt8192_replace_activation.csv
2026-04-24T08:29:13.870230Z,34B,16,baseline,False,False,False,False,ok,,,48,24,8192,22016,16871995392,17134139392,31.91482162475586,5,10,27.788273399346508,19.134097388163163,265.31464285714287,307.62,1245.0,1245,28,monitor/34B_prompt16_baseline.csv
2026-04-24T08:29:16.088525Z,34B,16,replace_ln,True,False,False,False,ok,,,48,24,8192,22016,16871995392,17134139392,31.91482162475586,5,10,27.56854480248876,19.286601207329603,241.09214285714285,249.5,1223.5714285714287,1260,28,monitor/34B_prompt16_replace_ln.csv
2026-04-24T08:29:16.583722Z,34B,16,replace_attention,False,True,False,False,ok,,,48,24,8192,22016,16871995392,17134139392,31.91482162475586,5,10,28.050158600672148,18.948277991813708,237.58999999999997,246.26,1185.5357142857142,1230,28,monitor/34B_prompt16_replace_attention.csv
2026-04-24T08:29:17.105179Z,34B,16,replace_rope,False,False,True,False,ok,,,48,24,8192,22016,16871995392,17134139392,31.91482162475586,5,10,28.174974798457697,18.8714819897942,241.4042857142857,251.93,1176.4285714285713,1230,28,monitor/34B_prompt16_replace_rope.csv
2026-04-24T08:29:17.615166Z,34B,16,replace_activation,False,False,False,True,ok,,,48,24,8192,22016,16871995392,17134139392,31.91482162475586,5,10,28.148502099793404,18.88922996992804,232.2917857142857,252.64,1131.4285714285713,1230,28,monitor/34B_prompt16_replace_activation.csv
2026-04-24T08:29:18.136420Z,34B,32,baseline,False,False,False,False,ok,,,48,24,8192,22016,16871995392,17134139392,31.91482162475586,5,10,36.47167739982251,29.168104895915125,173.96083333333334,176.26,702.5,720,36,monitor/34B_prompt32_baseline.csv
2026-04-24T08:29:18.791716Z,34B,32,replace_ln,True,False,False,False,ok,,,48,24,8192,22016,16871995392,17134139392,31.91482162475586,5,10,29.132413098705,36.51636095244333,229.32172413793103,248.61,1164.3103448275863,1230,29,monitor/34B_prompt32_replace_ln.csv
2026-04-24T08:29:19.339771Z,34B,32,replace_attention,False,True,False,False,ok,,,48,24,8192,22016,16871995392,17134139392,31.91482162475586,5,10,29.86276279843878,35.596318161679726,249.278,256.34,1156.0,1200,30,monitor/34B_prompt32_replace_attention.csv
2026-04-24T08:29:19.901066Z,34B,32,replace_rope,False,False,True,False,ok,,,48,24,8192,22016,16871995392,17134139392,31.91482162475586,5,10,37.87361059803516,28.088415530765086,220.58789473684212,246.71,972.2368421052631,1140,38,monitor/34B_prompt32_replace_rope.csv
2026-04-24T08:29:20.568878Z,34B,32,replace_activation,False,False,False,True,ok,,,48,24,8192,22016,16871995392,17134139392,31.91482162475586,5,10,29.341902100713924,36.255649292147154,241.92275862068965,257.05,1151.3793103448277,1230,29,monitor/34B_prompt32_replace_activation.csv
2026-04-24T08:29:21.114656Z,34B,64,baseline,False,False,False,False,ok,,,48,24,8192,22016,16871995392,17134139392,31.91482162475586,5,10,35.937145198113285,59.2487251075187,192.07111111111112,201.46,686.6666666666666,795,36,monitor/34B_prompt64_baseline.csv
2026-04-24T08:29:21.737210Z,34B,64,replace_ln,True,False,False,False,ok,,,48,24,8192,22016,16871995392,17134139392,31.91482162475586,5,10,29.46531689958647,72.26224799305935,239.62206896551723,255.37,1176.7241379310344,1275,29,monitor/34B_prompt64_replace_ln.csv
2026-04-24T08:29:22.264985Z,34B,64,replace_attention,False,True,False,False,ok,,,48,24,8192,22016,16871995392,17134139392,31.91482162475586,5,10,37.75630150048528,56.3087147583212,179.57157894736844,182.67,555.0,555,38,monitor/34B_prompt64_replace_attention.csv
2026-04-24T08:29:22.926489Z,34B,64,replace_rope,False,False,True,False,ok,,,48,24,8192,22016,16871995392,17134139392,31.91482162475586,5,10,30.357497700606473,70.13852254856509,226.99933333333334,255.26,928.5,1125,30,monitor/34B_prompt64_replace_rope.csv
2026-04-24T08:29:23.488550Z,34B,64,replace_activation,False,False,False,True,ok,,,48,24,8192,22016,16871995392,17134139392,31.91482162475586,5,10,37.44105079967994,56.86886429507478,190.3189189189189,212.7,583.7837837837837,870,37,monitor/34B_prompt64_replace_activation.csv
2026-04-24T08:29:24.111955Z,34B,128,baseline,False,False,False,False,ok,,,48,24,8192,22016,16871995392,17134139392,31.91482162475586,5,10,35.93045139859896,118.6988295141291,253.43333333333334,260.95,948.75,1035,36,monitor/34B_prompt128_baseline.csv
2026-04-24T08:29:24.744607Z,34B,128,replace_ln,True,False,False,False,ok,,,48,24,8192,22016,16871995392,17134139392,31.91482162475586,5,10,35.13444910058752,121.38805742244249,233.40714285714284,247.01,928.2857142857143,1140,35,monitor/34B_prompt128_replace_ln.csv
2026-04-24T08:29:25.383323Z,34B,128,replace_attention,False,True,False,False,ok,,,48,24,8192,22016,16871995392,17134139392,31.91482162475586,5,10,39.599893099511974,107.37447225816885,236.23641025641024,277.96,830.0,1035,39,monitor/34B_prompt128_replace_attention.csv
2026-04-24T08:29:26.054225Z,34B,128,replace_rope,False,False,True,False,ok,,,48,24,8192,22016,16871995392,17134139392,31.91482162475586,5,10,39.82568240026012,107.08925165586476,231.99650000000003,257.54,801.0,1020,40,monitor/34B_prompt128_replace_rope.csv
2026-04-24T08:29:26.709122Z,34B,128,replace_activation,False,False,False,True,ok,,,48,24,8192,22016,16871995392,17134139392,31.91482162475586,5,10,39.02198410069104,109.29486604071658,230.8364102564103,267.92,826.5384615384615,1035,39,monitor/34B_prompt128_replace_activation.csv
2026-04-24T08:29:27.361082Z,34B,256,baseline,False,False,False,False,ok,,,48,24,8192,22016,16871995392,17134139392,31.91482162475586,5,10,57.31818090134766,149.26459142793283,253.7719298245614,255.75,995.5263157894736,1005,57,monitor/34B_prompt256_baseline.csv
2026-04-24T08:29:28.304501Z,34B,256,replace_ln,True,False,False,False,ok,,,48,24,8192,22016,16871995392,17134139392,31.91482162475586,5,10,49.136836899560876,174.1173301635226,238.02897959183673,255.67,1147.3469387755101,1155,49,monitor/34B_prompt256_replace_ln.csv
2026-04-24T08:29:29.129155Z,34B,256,replace_attention,False,True,False,False,ok,,,48,24,8192,22016,16871995392,17134139392,31.91482162475586,5,10,60.03264559840318,141.65684622611738,247.91322033898302,256.85,935.8474576271186,1005,59,monitor/34B_prompt256_replace_attention.csv
2026-04-24T08:29:30.086427Z,34B,256,replace_rope,False,False,True,False,ok,,,48,24,8192,22016,16871995392,17134139392,31.91482162475586,5,10,61.123223800677806,139.9725721524709,236.3615,239.91,915.0,915,60,monitor/34B_prompt256_replace_rope.csv
2026-04-24T08:29:31.081994Z,34B,256,replace_activation,False,False,False,True,ok,,,48,24,8192,22016,16871995392,17134139392,31.91482162475586,5,10,63.835148999351084,134.02608105009628,229.93396825396826,241.2,864.5238095238095,900,63,monitor/34B_prompt256_replace_activation.csv
2026-04-24T08:29:32.105240Z,34B,512,baseline,False,False,False,False,ok,,,48,24,8192,22016,16871995392,17134139392,31.91482162475586,5,10,130.5371855996782,131.87222356056708,207.2790625,210.07,840.0,855,128,monitor/34B_prompt512_baseline.csv
2026-04-24T08:29:34.145230Z,34B,512,replace_ln,True,False,False,False,ok,,,48,24,8192,22016,16871995392,17134139392,31.91482162475586,5,10,98.3464330987772,175.03663712011166,215.61855670103094,263.71,1078.298969072165,1125,97,monitor/34B_prompt512_replace_ln.csv
2026-04-24T08:29:35.719140Z,34B,512,replace_attention,False,True,False,False,ok,,,48,24,8192,22016,16871995392,17134139392,31.91482162475586,5,10,123.22505179909058,138.02445398757402,217.6796694214876,233.65,880.6611570247934,930,121,monitor/34B_prompt512_replace_attention.csv
2026-04-24T08:29:37.572147Z,34B,512,replace_rope,False,False,True,False,ok,,,48,24,8192,22016,16871995392,17134139392,31.91482162475586,5,10,123.64193479879759,139.22646026512527,215.64008196721312,217.74,884.8770491803278,900,122,monitor/34B_prompt512_replace_rope.csv
2026-04-24T08:29:39.505597Z,34B,512,replace_activation,False,False,False,True,ok,,,48,24,8192,22016,16871995392,17134139392,31.91482162475586,5,10,116.03733290103264,148.3507806668556,222.16587719298246,225.52,924.4736842105264,945,114,monitor/34B_prompt512_replace_activation.csv
2026-04-24T08:29:41.341682Z,34B,1024,baseline,False,False,False,False,ok,,,48,24,8192,22016,16871995392,17134139392,31.91482162475586,5,10,208.85518360009883,166.8178596508414,231.87541463414632,236.38,939.1463414634146,960,205,monitor/34B_prompt1024_baseline.csv
2026-04-24T08:29:44.555838Z,34B,1024,replace_ln,True,False,False,False,ok,,,48,24,8192,22016,16871995392,17134139392,31.91482162475586,5,10,164.44198380049784,211.87274624113675,239.85024691358024,320.69,1198.3333333333333,1245,162,monitor/34B_prompt1024_replace_ln.csv
2026-04-24T08:29:47.127720Z,34B,1024,replace_attention,False,True,False,False,ok,,,48,24,8192,22016,16871995392,17134139392,31.91482162475586,5,10,190.35287239821628,178.70043438671408,248.9560962566845,254.0,1015.5080213903743,1020,187,monitor/34B_prompt1024_replace_attention.csv
2026-04-24T08:29:50.064896Z,34B,1024,replace_rope,False,False,True,False,ok,,,48,24,8192,22016,16871995392,17134139392,31.91482162475586,5,10,192.7414901991142,180.7642696399165,248.83347368421053,259.19,1020.9473684210526,1035,190,monitor/34B_prompt1024_replace_rope.csv
2026-04-24T08:29:53.194071Z,34B,1024,replace_activation,False,False,False,True,ok,,,48,24,8192,22016,16871995392,17134139392,31.91482162475586,5,10,188.12073500012048,185.20433010816,247.65464864864865,251.91,1018.7027027027027,1020,185,monitor/34B_prompt1024_replace_activation.csv
2026-04-24T08:29:56.100227Z,34B,2048,baseline,False,False,False,False,ok,,,48,24,8192,22016,16871995392,17134139392,31.91482162475586,5,10,373.4661979979137,190.99671465412374,248.7630790190736,256.43,1012.4795640326976,1020,367,monitor/34B_prompt2048_baseline.csv
2026-04-24T08:30:01.788559Z,34B,2048,replace_ln,True,False,False,False,ok,,,48,24,8192,22016,16871995392,17134139392,31.91482162475586,5,10,311.8404625012772,228.7413771767217,248.19664495114006,335.45,1195.8469055374592,1260,307,monitor/34B_prompt2048_replace_ln.csv
2026-04-24T08:30:06.548901Z,34B,2048,replace_attention,False,True,False,False,ok,,,48,24,8192,22016,16871995392,17134139392,31.91482162475586,5,10,360.968436699477,188.47155333218245,248.5920563380282,256.67,1010.1971830985915,1020,355,monitor/34B_prompt2048_replace_attention.csv
2026-04-24T08:30:12.051350Z,34B,2048,replace_rope,False,False,True,False,ok,,,48,24,8192,22016,16871995392,17134139392,31.91482162475586,5,10,370.1210904022446,192.722918800564,248.73173076923078,258.0,1015.1373626373627,1020,364,monitor/34B_prompt2048_replace_rope.csv
2026-04-24T08:30:17.688514Z,34B,2048,replace_activation,False,False,False,True,ok,,,48,24,8192,22016,16871995392,17134139392,31.91482162475586,5,10,361.0327292000875,197.57437784106224,248.96878873239436,254.7,1014.9718309859155,1020,355,monitor/34B_prompt2048_replace_activation.csv
2026-04-24T08:30:23.185348Z,34B,4096,baseline,False,False,False,False,ok,,,48,24,8192,22016,16871995392,17134139392,31.91482162475586,5,10,758.8354699983029,196.69442108567463,248.52260402684564,261.64,1018.248322147651,1035,745,monitor/34B_prompt4096_baseline.csv
2026-04-24T08:30:34.649342Z,34B,4096,replace_ln,True,False,False,False,ok,,,48,24,8192,22016,16871995392,17134139392,31.91482162475586,5,10,631.2386566976784,236.45368021571758,243.43482258064515,357.8,1210.233870967742,1275,620,monitor/34B_prompt4096_replace_ln.csv
2026-04-24T08:30:44.195720Z,34B,4096,replace_attention,False,True,False,False,ok,,,48,24,8192,22016,16871995392,17134139392,31.91482162475586,5,10,715.1778827013914,190.25275701107094,248.62019914651495,260.06,1015.1778093883357,1020,703,monitor/34B_prompt4096_replace_attention.csv
2026-04-24T08:30:55.008788Z,34B,4096,replace_rope,False,False,True,False,ok,,,48,24,8192,22016,16871995392,17134139392,31.91482162475586,5,10,751.6519069002243,198.57423642564493,248.76239837398373,260.58,1023.2113821138212,1035,738,monitor/34B_prompt4096_replace_rope.csv
2026-04-24T08:31:06.362445Z,34B,4096,replace_activation,False,False,False,True,ok,,,48,24,8192,22016,16871995392,17134139392,31.91482162475586,5,10,734.8987209988991,203.10105216636455,247.60729916897506,259.67,1019.3559556786704,1035,722,monitor/34B_prompt4096_replace_activation.csv
2026-04-24T08:31:17.470655Z,34B,8192,baseline,False,False,False,False,ok,,,48,24,8192,22016,16871995392,17134139392,31.91482162475586,5,10,1550.752670399379,209.51483251299652,248.5852790544977,269.06,1015.2330925804333,1035,1523,monitor/34B_prompt8192_baseline.csv
2026-04-24T08:31:40.829778Z,34B,8192,replace_ln,True,False,False,False,ok,,,48,24,8192,22016,16871995392,17134139392,31.91482162475586,5,10,1287.649897299707,252.3245539716644,249.0483003952569,316.75,1212.3794466403162,1275,1265,monitor/34B_prompt8192_replace_ln.csv
2026-04-24T08:32:00.231606Z,34B,8192,replace_attention,False,True,False,False,ok,,,48,24,8192,22016,16871995392,17134139392,31.91482162475586,5,10,1392.0583722996525,195.4868655579494,249.1785588880761,261.65,1007.8310168251646,1020,1367,monitor/34B_prompt8192_replace_attention.csv
2026-04-24T08:32:21.198501Z,34B,8192,replace_rope,False,False,True,False,ok,,,48,24,8192,22016,16871995392,17134139392,31.91482162475586,5,10,1540.5475631006993,210.9027295164208,248.75807005948448,262.7,1016.3020489094514,1035,1513,monitor/34B_prompt8192_replace_rope.csv
2026-04-24T08:32:44.385380Z,34B,8192,replace_activation,False,False,False,True,ok,,,48,24,8192,22016,16871995392,17134139392,31.91482162475586,5,10,1580.9519059985178,205.5126944564452,246.55364455891822,260.67,962.9362524146812,1005,1553,monitor/34B_prompt8192_replace_activation.csv
2026-04-24T08:33:07.885403Z,70B,16,baseline,False,False,False,False,ok,,,80,20,8192,28672,17375245312,17637389312,32.85219764709473,5,10,28.27132550009992,19.375678101759465,256.72285714285715,258.52,1225.1785714285713,1230,28,monitor/70B_prompt16_baseline.csv
2026-04-24T08:33:09.208870Z,70B,16,replace_ln,True,False,False,False,ok,,,80,20,8192,28672,17375245312,17637389312,32.85219764709473,5,10,28.893200401216745,18.958650990318542,211.6596551724138,221.82,1049.4827586206898,1125,29,monitor/70B_prompt16_replace_ln.csv
2026-04-24T08:33:09.729061Z,70B,16,replace_attention,False,True,False,False,ok,,,80,20,8192,28672,17375245312,17637389312,32.85219764709473,5,10,28.299081599107012,19.350745653077308,254.53071428571428,261.27,1170.0,1230,28,monitor/70B_prompt16_replace_attention.csv
2026-04-24T08:33:10.278914Z,70B,16,replace_rope,False,False,True,False,ok,,,80,20,8192,28672,17375245312,17637389312,32.85219764709473,5,10,36.55171999998856,14.98632902638156,198.28222222222223,208.58,688.75,1020,36,monitor/70B_prompt16_replace_rope.csv
2026-04-24T08:33:10.892821Z,70B,16,replace_activation,False,False,False,True,ok,,,80,20,8192,28672,17375245312,17637389312,32.85219764709473,5,10,32.527034101076424,16.84064094801291,198.9,198.9,495.0,495,32,monitor/70B_prompt16_replace_activation.csv
2026-04-24T08:33:11.470801Z,70B,32,baseline,False,False,False,False,ok,,,80,20,8192,28672,17375245312,17637389312,32.85219764709473,5,10,32.54516150045674,33.672831800346735,201.7040625,228.81,581.25,1185,32,monitor/70B_prompt32_baseline.csv
2026-04-24T08:33:12.108853Z,70B,32,replace_ln,True,False,False,False,ok,,,80,20,8192,28672,17375245312,17637389312,32.85219764709473,5,10,32.754096400458366,33.4580363848677,219.11333333333332,240.99,1174.090909090909,1290,33,monitor/70B_prompt32_replace_ln.csv
2026-04-24T08:33:12.693767Z,70B,32,replace_attention,False,True,False,False,ok,,,80,20,8192,28672,17375245312,17637389312,32.85219764709473,5,10,33.21872709784657,32.96985634801757,228.60666666666668,252.09,1138.6363636363637,1260,33,monitor/70B_prompt32_replace_attention.csv
2026-04-24T08:33:13.335512Z,70B,32,replace_rope,False,False,True,False,ok,,,80,20,8192,28672,17375245312,17637389312,32.85219764709473,5,10,32.955891598248854,33.25316645895968,233.0339393939394,252.46,1177.7272727272727,1275,33,monitor/70B_prompt32_replace_rope.csv
2026-04-24T08:33:13.951011Z,70B,32,replace_activation,False,False,False,True,ok,,,80,20,8192,28672,17375245312,17637389312,32.85219764709473,5,10,40.08600109955296,27.33841538342475,166.322,171.99,716.625,735,40,monitor/70B_prompt32_replace_activation.csv
2026-04-24T08:33:14.664113Z,70B,64,baseline,False,False,False,False,ok,,,80,20,8192,28672,17375245312,17637389312,32.85219764709473,5,10,35.661785799311474,61.49769638183242,237.50428571428571,258.53,1106.5714285714287,1200,35,monitor/70B_prompt64_baseline.csv
2026-04-24T08:33:15.287510Z,70B,64,replace_ln,True,False,False,False,ok,,,80,20,8192,28672,17375245312,17637389312,32.85219764709473,5,10,34.09127560153138,64.33076019664941,242.40470588235294,258.72,1144.4117647058824,1275,34,monitor/70B_prompt64_replace_ln.csv
2026-04-24T08:33:15.911459Z,70B,64,replace_attention,False,True,False,False,ok,,,80,20,8192,28672,17375245312,17637389312,32.85219764709473,5,10,43.66728310124017,50.1618870100437,156.22,156.22,660.0,660,43,monitor/70B_prompt64_replace_attention.csv
2026-04-24T08:33:16.677171Z,70B,64,replace_rope,False,False,True,False,ok,,,80,20,8192,28672,17375245312,17637389312,32.85219764709473,5,10,40.625161898788065,53.984219951759144,183.017,186.41,742.5,750,40,monitor/70B_prompt64_replace_rope.csv
2026-04-24T08:33:17.384754Z,70B,64,replace_activation,False,False,False,True,ok,,,80,20,8192,28672,17375245312,17637389312,32.85219764709473,5,10,41.48610029951669,52.863914894057885,181.1529268292683,185.03,703.9024390243902,720,41,monitor/70B_prompt64_replace_activation.csv
2026-04-24T08:33:18.106549Z,70B,128,baseline,False,False,False,False,ok,,,80,20,8192,28672,17375245312,17637389312,32.85219764709473,5,10,41.7568176984787,105.17094697855762,251.0758536585366,258.86,1089.878048780488,1140,41,monitor/70B_prompt128_baseline.csv
2026-04-24T08:33:18.837176Z,70B,128,replace_ln,True,False,False,False,ok,,,80,20,8192,28672,17375245312,17637389312,32.85219764709473,5,10,41.41046589938924,106.05058322284589,200.83121951219513,213.14,1060.6097560975609,1110,41,monitor/70B_prompt128_replace_ln.csv
2026-04-24T08:33:19.543050Z,70B,128,replace_attention,False,True,False,False,ok,,,80,20,8192,28672,17375245312,17637389312,32.85219764709473,5,10,42.488210601732135,103.10781696561736,227.93761904761902,230.1,1036.4285714285713,1050,42,monitor/70B_prompt128_replace_attention.csv
2026-04-24T08:33:20.296736Z,70B,128,replace_rope,False,False,True,False,ok,,,80,20,8192,28672,17375245312,17637389312,32.85219764709473,5,10,45.58822510007303,96.33198157023588,212.57555555555555,219.06,901.3333333333334,945,45,monitor/70B_prompt128_replace_rope.csv
2026-04-24T08:33:21.060686Z,70B,128,replace_activation,False,False,False,True,ok,,,80,20,8192,28672,17375245312,17637389312,32.85219764709473,5,10,43.51460270117968,100.92253605801491,213.1093023255814,216.36,932.7906976744187,945,43,monitor/70B_prompt128_replace_activation.csv
2026-04-24T08:33:21.801327Z,70B,256,baseline,False,False,False,False,ok,,,80,20,8192,28672,17375245312,17637389312,32.85219764709473,5,10,83.52138620102778,105.41830490705689,201.8440243902439,220.47,690.7317073170732,810,82,monitor/70B_prompt256_baseline.csv
2026-04-24T08:33:23.073204Z,70B,256,replace_ln,True,False,False,False,ok,,,80,20,8192,28672,17375245312,17637389312,32.85219764709473,5,10,60.67947980191093,145.10149041394257,193.5585,204.06,922.25,975,60,monitor/70B_prompt256_replace_ln.csv
2026-04-24T08:33:24.089819Z,70B,256,replace_attention,False,True,False,False,ok,,,80,20,8192,28672,17375245312,17637389312,32.85219764709473,5,10,99.42948990210425,88.12006671729463,172.16214285714284,175.58,562.6530612244898,570,98,monitor/70B_prompt256_replace_attention.csv
2026-04-24T08:33:25.651469Z,70B,256,replace_rope,False,False,True,False,ok,,,80,20,8192,28672,17375245312,17637389312,32.85219764709473,5,10,103.15366839931812,85.35501541948267,170.97549019607843,203.14,551.3235294117648,705,102,monitor/70B_prompt256_replace_rope.csv
2026-04-24T08:33:27.171822Z,70B,256,replace_activation,False,False,False,True,ok,,,80,20,8192,28672,17375245312,17637389312,32.85219764709473,5,10,102.29081060097087,86.07501402199694,168.02891089108914,168.93,540.0,540,101,monitor/70B_prompt256_replace_activation.csv
2026-04-24T08:33:28.792456Z,70B,512,baseline,False,False,False,False,ok,,,80,20,8192,28672,17375245312,17637389312,32.85219764709473,5,10,218.14360810094513,81.11750517728478,148.9690186915888,151.68,490.3738317757009,495,214,monitor/70B_prompt512_baseline.csv
2026-04-24T08:33:32.073033Z,70B,512,replace_ln,True,False,False,False,ok,,,80,20,8192,28672,17375245312,17637389312,32.85219764709473,5,10,150.25928849936463,117.76486789097783,145.2387837837838,166.33,713.0067567567568,825,148,monitor/70B_prompt512_replace_ln.csv
2026-04-24T08:33:34.456375Z,70B,512,replace_attention,False,True,False,False,ok,,,80,20,8192,28672,17375245312,17637389312,32.85219764709473,5,10,218.58116470102686,80.16915177320251,148.71627906976744,152.42,483.4186046511628,495,215,monitor/70B_prompt512_replace_attention.csv
2026-04-24T08:33:37.836779Z,70B,512,replace_rope,False,False,True,False,ok,,,80,20,8192,28672,17375245312,17637389312,32.85219764709473,5,10,215.22822150145657,82.21628713965025,149.09047169811322,152.47,495.0,525,212,monitor/70B_prompt512_replace_rope.csv
2026-04-24T08:33:41.184150Z,70B,512,replace_activation,False,False,False,True,ok,,,80,20,8192,28672,17375245312,17637389312,32.85219764709473,5,10,185.30946550017688,95.49034752087776,160.6714835164835,167.23,567.6098901098901,600,182,monitor/70B_prompt512_replace_activation.csv
2026-04-24T08:33:44.141495Z,70B,1024,baseline,False,False,False,False,ok,,,80,20,8192,28672,17375245312,17637389312,32.85219764709473,5,10,331.6892214003019,107.73376280320538,168.74837423312883,170.84,594.1104294478528,600,326,monitor/70B_prompt1024_baseline.csv
2026-04-24T08:33:49.223321Z,70B,1024,replace_ln,True,False,False,False,ok,,,80,20,8192,28672,17375245312,17637389312,32.85219764709473,5,10,202.1873670979403,176.7376884897574,168.4643216080402,190.66,994.5979899497487,1080,199,monitor/70B_prompt1024_replace_ln.csv
2026-04-24T08:33:52.741668Z,70B,1024,replace_attention,False,True,False,False,ok,,,80,20,8192,28672,17375245312,17637389312,32.85219764709473,5,10,280.49233699857723,124.94791661826316,189.3316304347826,197.44,693.2608695652174,720,276,monitor/70B_prompt1024_replace_attention.csv
2026-04-24T08:33:56.776027Z,70B,1024,replace_rope,False,False,True,False,ok,,,80,20,8192,28672,17375245312,17637389312,32.85219764709473,5,10,281.82497039961163,126.79546405008419,189.17805054151626,191.65,699.0433212996389,705,277,monitor/70B_prompt1024_replace_rope.csv
2026-04-24T08:34:01.088120Z,70B,1024,replace_activation,False,False,False,True,ok,,,80,20,8192,28672,17375245312,17637389312,32.85219764709473,5,10,274.91045109927654,129.98461047890675,189.26203703703703,191.65,703.3333333333334,705,270,monitor/70B_prompt1024_replace_activation.csv
2026-04-24T08:34:05.295098Z,70B,2048,baseline,False,False,False,False,ok,,,80,20,8192,28672,17375245312,17637389312,32.85219764709473,5,10,558.1522676016903,130.50676234489856,188.2212226277372,194.14,676.0401459854014,690,548,monitor/70B_prompt2048_baseline.csv
2026-04-24T08:34:13.747405Z,70B,2048,replace_ln,True,False,False,False,ok,,,80,20,8192,28672,17375245312,17637389312,32.85219764709473,5,10,362.07585530064534,201.1806207836642,202.9394382022472,270.53,1039.3820224719102,1170,356,monitor/70B_prompt2048_replace_ln.csv
2026-04-24T08:34:19.354043Z,70B,2048,replace_attention,False,True,False,False,ok,,,80,20,8192,28672,17375245312,17637389312,32.85219764709473,5,10,542.4665558995912,129.2132492011068,189.65787992495308,191.35,675.0,675,533,monitor/70B_prompt2048_replace_attention.csv
2026-04-24T08:34:27.343820Z,70B,2048,replace_rope,False,False,True,False,ok,,,80,20,8192,28672,17375245312,17637389312,32.85219764709473,5,10,532.4972981994506,136.79439423723852,194.4735755258126,197.44,707.2657743785851,720,523,monitor/70B_prompt2048_replace_rope.csv
2026-04-24T08:34:35.414753Z,70B,2048,replace_activation,False,False,False,True,ok,,,80,20,8192,28672,17375245312,17637389312,32.85219764709473,5,10,504.91598049993627,144.26686449503097,200.5608870967742,202.88,734.9697580645161,750,496,monitor/70B_prompt2048_replace_activation.csv
2026-04-24T08:34:43.066870Z,70B,4096,baseline,False,False,False,False,ok,,,80,20,8192,28672,17375245312,17637389312,32.85219764709473,5,10,1110.5137722974177,136.13775226437284,191.802080659945,197.51,692.7497708524289,705,1091,monitor/70B_prompt4096_baseline.csv
2026-04-24T08:34:59.726731Z,70B,4096,replace_ln,True,False,False,False,ok,,,80,20,8192,28672,17375245312,17637389312,32.85219764709473,5,10,747.2692348994315,202.31376023334667,200.44395095367847,279.61,1035.5722070844686,1215,734,monitor/70B_prompt4096_replace_ln.csv
2026-04-24T08:35:10.994905Z,70B,4096,replace_attention,False,True,False,False,ok,,,80,20,8192,28672,17375245312,17637389312,32.85219764709473,5,10,1010.4768232995411,138.73423843971074,200.7051057401813,205.99,724.6374622356495,750,993,monitor/70B_prompt4096_replace_attention.csv
2026-04-24T08:35:26.158926Z,70B,4096,replace_rope,False,False,True,False,ok,,,80,20,8192,28672,17375245312,17637389312,32.85219764709473,5,10,1040.5702315008966,145.28846227047742,202.0385518590998,222.69,737.20156555773,855,1022,monitor/70B_prompt4096_replace_rope.csv
2026-04-24T08:35:41.943534Z,70B,4096,replace_activation,False,False,False,True,ok,,,80,20,8192,28672,17375245312,17637389312,32.85219764709473,5,10,775.3533000999596,194.98575526757838,247.18951443569554,256.24,972.8149606299213,1005,762,monitor/70B_prompt4096_replace_activation.csv
2026-04-24T08:35:54.207084Z,70B,8192,baseline,False,False,False,False,ok,,,80,20,8192,28672,17375245312,17637389312,32.85219764709473,5,10,1598.8184375979472,202.872272777408,248.9318280254777,262.52,993.5445859872611,1020,1570,monitor/70B_prompt8192_baseline.csv
2026-04-24T08:36:18.349226Z,70B,8192,replace_ln,True,False,False,False,ok,,,80,20,8192,28672,17375245312,17637389312,32.85219764709473,5,10,1330.6086800002959,243.76507914697197,245.65425727411946,339.79,1189.2151607963247,1275,1306,monitor/70B_prompt8192_replace_ln.csv
2026-04-24T08:36:38.401769Z,70B,8192,replace_attention,False,True,False,False,ok,,,80,20,8192,28672,17375245312,17637389312,32.85219764709473,5,10,1452.1018406987423,193.0825078687078,249.7162412342216,254.3,997.1423562412342,1005,1426,monitor/70B_prompt8192_replace_attention.csv
2026-04-24T08:37:00.302201Z,70B,8192,replace_rope,False,False,True,False,ok,,,80,20,8192,28672,17375245312,17637389312,32.85219764709473,5,10,1573.806478799088,206.0964512240563,248.34414618369988,264.18,1009.9094437257438,1020,1546,monitor/70B_prompt8192_replace_rope.csv
2026-04-24T08:37:24.009513Z,70B,8192,replace_activation,False,False,False,True,ok,,,80,20,8192,28672,17375245312,17637389312,32.85219764709473,5,10,1530.551506698248,211.92095056874658,249.01656021290754,264.37,1008.003992015968,1020,1503,monitor/70B_prompt8192_replace_activation.csv
