shape_name,target_gemm_phase_ms,estimated_gemm_unit_ms,requested_gemm_steps,status,error,run_timestamp_utc,m,n,k,dtype,gemm_steps_per_phase,norm_steps_per_phase,cycles,target_active_s,analysis_window_s,probe_cycle_ms,active_cuda_ms,active_wall_s,tail_start_cuda_ms,tail_end_cuda_ms,tail_window_cuda_ms,gemm_phase_count_total,norm_phase_count_total,gemm_phase_count_tail,norm_phase_count_tail,gemm_phase_cuda_total_ms_tail,norm_phase_cuda_total_ms_tail,avg_gemm_phase_ms_tail,avg_norm_phase_ms_tail,gemm_units_tail,norm_units_tail,gemm_flops_per_unit,gemm_tflops_s_tail,avg_power_watts_tail,max_power_watts_tail,min_power_watts_tail,avg_gpu_clock_mhz_tail,max_gpu_clock_mhz_tail,min_gpu_clock_mhz_tail,monitor_sample_count_tail,avg_gemm_phase_power_watts_tail,avg_norm_phase_power_watts_tail,avg_gemm_phase_clock_mhz_tail,avg_norm_phase_clock_mhz_tail,monitor_csv,phase_events_csv,eps,source_run
llama13b_s8192,20.0,7.8919677734375,3,ok,,2026-04-29T11:41:31.409113Z,8192,5120,13824,bfloat16,3,1,1703,30.0,20.0,26.429439544677734,45655.328125,45.65548610687256,25655.328125,45655.328125,20000.0,1703,1703,746,747,19796.52802658081,180.66636963188648,26.53690083992066,0.2418559165085495,2238,747,2319282339840.0,262.19516218159873,398.6132382892057,409.79,380.62,1255.302953156823,1260.0,1230.0,1964,398.59860142984803,397.24666666666667,1255.3351206434315,1256.0,/home/cage/wattserve/results/two_gemm_norm_shape_n1_sweep/20260429T112339Z/llama13b_s8192/monitor/g3_n1.csv,/home/cage/wattserve/results/two_gemm_norm_shape_n1_sweep/20260429T112339Z/llama13b_s8192/phase_events/g3_n1.csv,1e-06,20260429T112339Z
llama13b_s8192,40.0,7.8919677734375,5,ok,,2026-04-29T11:42:19.581600Z,8192,5120,13824,bfloat16,5,1,884,30.0,20.0,50.92659378051758,39319.7734375,39.31992554664612,19319.7734375,39319.7734375,20000.0,884,884,449,450,19845.167057037354,108.8849927932024,44.198590327477405,0.2419666506515609,2245,450,2319282339840.0,262.3706234357148,398.43311767702494,409.64,377.18,1256.2404482934285,1260.0,1245.0,1963,398.4541614699332,396.26222222222225,1256.281737193764,1253.3333333333333,/home/cage/wattserve/results/two_gemm_norm_shape_n1_sweep/20260429T112339Z/llama13b_s8192/monitor/g5_n1.csv,/home/cage/wattserve/results/two_gemm_norm_shape_n1_sweep/20260429T112339Z/llama13b_s8192/phase_events/g5_n1.csv,1e-06,20260429T112339Z
llama13b_s8192,60.0,7.8919677734375,8,ok,,2026-04-29T11:43:00.655140Z,8192,5120,13824,bfloat16,8,1,659,30.0,20.0,68.3868179321289,46777.69140625,46.77787232398987,26777.69140625,46777.69140625,20000.0,659,659,281,282,19867.190322875977,68.19020849466324,70.70174492126682,0.2418092499810753,2248,282,2319282339840.0,262.4299971575235,398.7406561546287,407.75,382.66,1256.5818921668363,1260.0,1245.0,1966,398.74918954414505,397.8,1256.6335155058464,1254.0,/home/cage/wattserve/results/two_gemm_norm_shape_n1_sweep/20260429T112339Z/llama13b_s8192/monitor/g8_n1.csv,/home/cage/wattserve/results/two_gemm_norm_shape_n1_sweep/20260429T112339Z/llama13b_s8192/phase_events/g8_n1.csv,1e-06,20260429T112339Z
llama13b_s8192,80.0,7.8919677734375,10,ok,,2026-04-29T11:43:49.137726Z,8192,5120,13824,bfloat16,10,1,510,30.0,20.0,88.31283569335938,45061.8828125,45.06208539009094,25061.8828125,45061.8828125,20000.0,510,510,226,227,19912.154098510742,54.840320482850075,88.10687654208293,0.24158731490242324,2260,227,2319282339840.0,263.2351106819942,397.44514256619146,402.86,389.46,1260.0,1260.0,1260.0,1964,397.444244100295,397.65363636363634,1260.0,1260.0,/home/cage/wattserve/results/two_gemm_norm_shape_n1_sweep/20260429T112339Z/llama13b_s8192/monitor/g10_n1.csv,/home/cage/wattserve/results/two_gemm_norm_shape_n1_sweep/20260429T112339Z/llama13b_s8192/phase_events/g10_n1.csv,1e-06,20260429T112339Z
llama13b_s8192,100.0,7.8919677734375,13,ok,,2026-04-29T11:44:35.784410Z,8192,5120,13824,bfloat16,13,1,394,30.0,20.0,114.47296142578125,45249.27734375,45.24946665763855,25249.27734375,45249.27734375,20000.0,394,394,174,175,19943.50895690918,42.29529631137848,114.61786756844356,0.2416874074935913,2262,175,2319282339840.0,263.053841931893,398.70248089658685,404.91,385.24,1259.021905247071,1260.0,1245.0,1963,398.7074433995124,398.87000000000006,1259.0432340647858,1260.0,/home/cage/wattserve/results/two_gemm_norm_shape_n1_sweep/20260429T112339Z/llama13b_s8192/monitor/g13_n1.csv,/home/cage/wattserve/results/two_gemm_norm_shape_n1_sweep/20260429T112339Z/llama13b_s8192/phase_events/g13_n1.csv,1e-06,20260429T112339Z
llama13b_s8192,120.0,8.659285227457682,14,ok,,2026-04-29T09:05:25.639676Z,8192,5120,13824,bfloat16,14,1,328,30.0,20.0,137.3675537109375,40533.17578125,40.53342366218567,20533.17578125,40533.17578125,20000.0,328,328,161,162,19860.789260864258,39.172096252441406,123.35893950847365,0.24180306328667533,2254,162,2319282339840.0,263.21523909930823,398.05081975560086,404.31,389.87,1260.0,1260.0,1260.0,1964,398.0434452142061,394.93333333333334,1260.0,1260.0,/home/cage/wattserve/results/two_gemm_norm_shape_n1_sweep/20260429T084814Z/llama13b_s8192/monitor/g14_n1.csv,/home/cage/wattserve/results/two_gemm_norm_shape_n1_sweep/20260429T084814Z/llama13b_s8192/phase_events/g14_n1.csv,1e-06,20260429T084814Z
llama13b_s8192,120.0,7.8919677734375,15,ok,,2026-04-29T11:45:22.536805Z,8192,5120,13824,bfloat16,15,1,340,30.0,20.0,132.39602661132812,45042.6875,45.04286980628967,25042.6875,45042.6875,20000.0,340,340,151,152,19954.579483032227,36.74316842854023,132.1495330002134,0.24173137124039626,2265,152,2319282339840.0,263.2565875018553,398.32976057055527,404.75,391.32,1260.0,1260.0,1260.0,1963,398.33300657399997,397.8666666666666,1260.0,1260.0,/home/cage/wattserve/results/two_gemm_norm_shape_n1_sweep/20260429T112339Z/llama13b_s8192/monitor/g15_n1.csv,/home/cage/wattserve/results/two_gemm_norm_shape_n1_sweep/20260429T112339Z/llama13b_s8192/phase_events/g15_n1.csv,1e-06,20260429T112339Z
llama13b_s8192,150.0,7.8919677734375,19,ok,,2026-04-29T11:46:09.063955Z,8192,5120,13824,bfloat16,19,1,269,30.0,20.0,167.6615753173828,45089.4453125,45.089622020721436,25089.4453125,45089.4453125,20000.0,269,269,119,120,19916.72425842285,28.994560301303864,167.36743074304917,0.24162133584419887,2261,120,2319282339840.0,263.291156835722,398.05401221995925,409.36,392.49,1260.0,1260.0,1260.0,1964,398.05702761987146,399.6466666666667,1260.0,1260.0,/home/cage/wattserve/results/two_gemm_norm_shape_n1_sweep/20260429T112339Z/llama13b_s8192/monitor/g19_n1.csv,/home/cage/wattserve/results/two_gemm_norm_shape_n1_sweep/20260429T112339Z/llama13b_s8192/phase_events/g19_n1.csv,1e-06,20260429T112339Z
llama13b_s8192,180.0,7.8919677734375,23,ok,,2026-04-29T11:46:55.620072Z,8192,5120,13824,bfloat16,23,1,223,30.0,20.0,202.25228881835938,45260.37890625,45.26056885719299,25260.37890625,45260.37890625,20000.0,223,223,98,99,19854.44758605957,23.927808180451393,202.59640393938338,0.24169503212577165,2254,99,2319282339840.0,263.29931222412176,397.8092374173869,419.04,391.32,1260.1525165226233,1275.0,1260.0,1967,397.8055755971562,399.105,1260.1530612244899,1260.0,/home/cage/wattserve/results/two_gemm_norm_shape_n1_sweep/20260429T112339Z/llama13b_s8192/monitor/g23_n1.csv,/home/cage/wattserve/results/two_gemm_norm_shape_n1_sweep/20260429T112339Z/llama13b_s8192/phase_events/g23_n1.csv,1e-06,20260429T112339Z
llama13b_s8192,210.0,7.8919677734375,27,ok,,2026-04-29T11:47:42.367554Z,8192,5120,13824,bfloat16,27,1,191,30.0,20.0,236.48870849609375,45479.9453125,45.480128049850464,25479.9453125,45479.9453125,20000.0,191,191,83,84,19742.52442932129,20.298752188682556,237.8617401123047,0.24165181177003042,2241,84,2319282339840.0,263.26479889583806,398.2611150712831,405.44,390.63,1260.0,1260.0,1260.0,1964,398.26622097083987,0.0,1260.0,0.0,/home/cage/wattserve/results/two_gemm_norm_shape_n1_sweep/20260429T112339Z/llama13b_s8192/monitor/g27_n1.csv,/home/cage/wattserve/results/two_gemm_norm_shape_n1_sweep/20260429T112339Z/llama13b_s8192/phase_events/g27_n1.csv,1e-06,20260429T112339Z
llama13b_s8192,270.0,7.8919677734375,34,ok,,2026-04-29T11:49:12.592421Z,8192,5120,13824,bfloat16,34,1,152,30.0,20.0,297.74542236328125,40749.39453125,40.74950575828552,20749.39453125,40749.39453125,20000.0,152,152,74,75,19820.314697265625,18.076672196388245,267.84209050358953,0.24102229595184327,2516,75,2319282339840.0,294.4107828844145,343.9888250254324,346.33,327.24,1410.0,1410.0,1410.0,1966,343.9837291137291,343.6766666666667,1410.0,1410.0,/home/cage/wattserve/results/two_gemm_norm_shape_n1_sweep/20260429T112339Z/llama13b_s8192/monitor/g34_n1.csv,/home/cage/wattserve/results/two_gemm_norm_shape_n1_sweep/20260429T112339Z/llama13b_s8192/phase_events/g34_n1.csv,1e-06,20260429T112339Z
llama13b_s8192,300.0,8.659285227457682,35,ok,,2026-04-29T09:06:07.848659Z,8192,5120,13824,bfloat16,35,1,147,30.0,20.0,306.73406982421875,40589.9921875,40.5902943611145,20589.9921875,40589.9921875,20000.0,147,147,72,73,19862.537231445312,17.640448182821274,275.86857265896265,0.24164997510714073,2520,73,2319282339840.0,294.2520096145599,336.41020429009194,338.8,334.73,1410.0,1410.0,1410.0,1958,336.4045601574865,335.86,1410.0,1410.0,/home/cage/wattserve/results/two_gemm_norm_shape_n1_sweep/20260429T084814Z/llama13b_s8192/monitor/g35_n1.csv,/home/cage/wattserve/results/two_gemm_norm_shape_n1_sweep/20260429T084814Z/llama13b_s8192/phase_events/g35_n1.csv,1e-06,20260429T084814Z
llama13b_s8192,300.0,7.8919677734375,38,ok,,2026-04-29T11:49:54.843509Z,8192,5120,13824,bfloat16,38,1,136,30.0,20.0,332.3709411621094,40735.5546875,40.735702991485596,20735.5546875,40735.5546875,20000.0,136,136,66,67,19747.55841064453,16.154624223709106,299.20543046431106,0.241113794383718,2508,67,2319282339840.0,294.5559135646517,344.3381739572736,346.06,342.79,1410.0,1410.0,1410.0,1966,344.3424111807733,0.0,1410.0,0.0,/home/cage/wattserve/results/two_gemm_norm_shape_n1_sweep/20260429T112339Z/llama13b_s8192/monitor/g38_n1.csv,/home/cage/wattserve/results/two_gemm_norm_shape_n1_sweep/20260429T112339Z/llama13b_s8192/phase_events/g38_n1.csv,1e-06,20260429T112339Z
llama13b_s8192,450.0,8.659285227457682,52,ok,,2026-04-29T09:06:50.039519Z,8192,5120,13824,bfloat16,52,1,100,30.0,20.0,453.0903015136719,41020.82421875,41.02102065086365,21020.82421875,41020.82421875,20000.0,100,100,48,49,19676.523498535156,11.805696189403534,409.9275728861491,0.24093257529394968,2496,49,2319282339840.0,294.20485385396483,336.321443877551,341.34,334.41,1410.0,1410.0,1410.0,1960,336.32070723564203,337.155,1410.0,1410.0,/home/cage/wattserve/results/two_gemm_norm_shape_n1_sweep/20260429T084814Z/llama13b_s8192/monitor/g52_n1.csv,/home/cage/wattserve/results/two_gemm_norm_shape_n1_sweep/20260429T084814Z/llama13b_s8192/phase_events/g52_n1.csv,1e-06,20260429T084814Z
llama13b_s8192,540.0,8.659285227457682,62,ok,,2026-04-29T09:07:32.733554Z,8192,5120,13824,bfloat16,62,1,83,30.0,20.0,542.7691650390625,40551.4453125,40.551644802093506,20551.4453125,40551.4453125,20000.0,83,83,40,41,19529.95736694336,9.891840159893036,488.24893417358396,0.24126439414373257,2480,41,2319282339840.0,294.5126860614043,342.34313295975545,344.33,340.75,1410.0,1410.0,1410.0,1963,342.34950432180847,342.23,1410.0,1410.0,/home/cage/wattserve/results/two_gemm_norm_shape_n1_sweep/20260429T084814Z/llama13b_s8192/monitor/g62_n1.csv,/home/cage/wattserve/results/two_gemm_norm_shape_n1_sweep/20260429T084814Z/llama13b_s8192/phase_events/g62_n1.csv,1e-06,20260429T084814Z
llama13b_s8192,600.0,8.659285227457682,69,ok,,2026-04-29T09:08:14.988674Z,8192,5120,13824,bfloat16,69,1,75,30.0,20.0,603.5302124023438,40776.79296875,40.77700138092041,20776.79296875,40776.79296875,20000.0,75,75,36,37,19561.425842285156,8.930304124951363,543.3729400634766,0.24135957094463142,2484,37,2319282339840.0,294.5131596547029,343.0888106176621,345.73,341.34,1410.0,1410.0,1410.0,1959,343.0974237204871,0.0,1410.0,0.0,/home/cage/wattserve/results/two_gemm_norm_shape_n1_sweep/20260429T084814Z/llama13b_s8192/monitor/g69_n1.csv,/home/cage/wattserve/results/two_gemm_norm_shape_n1_sweep/20260429T084814Z/llama13b_s8192/phase_events/g69_n1.csv,1e-06,20260429T084814Z
llama13b_s8192,660.0,8.659285227457682,76,ok,,2026-04-29T09:08:57.593254Z,8192,5120,13824,bfloat16,76,1,68,30.0,20.0,665.9501953125,40725.0703125,40.725287199020386,20725.0703125,40725.0703125,20000.0,68,68,33,34,19754.85430908203,8.205312058329582,598.6319487600615,0.24133270759792888,2508,34,2319282339840.0,294.447127643181,390.12205597964373,391.9,387.55,1410.0,1410.0,1410.0,1965,390.1281544815406,390.155,1410.0,1410.0,/home/cage/wattserve/results/two_gemm_norm_shape_n1_sweep/20260429T084814Z/llama13b_s8192/monitor/g76_n1.csv,/home/cage/wattserve/results/two_gemm_norm_shape_n1_sweep/20260429T084814Z/llama13b_s8192/phase_events/g76_n1.csv,1e-06,20260429T084814Z
llama13b_s8192,800.0,8.659285227457682,92,ok,,2026-04-29T09:09:40.142975Z,8192,5120,13824,bfloat16,92,1,57,30.0,20.0,796.9577026367188,41316.484375,41.316699266433716,21316.484375,41316.484375,20000.0,57,57,27,28,19563.750366210938,6.74816007912159,724.5833468967014,0.24100571711148536,2484,28,2319282339840.0,294.47816621667295,390.64489036206015,392.49,386.42,1410.0,1410.0,1410.0,1961,390.65439292752404,0.0,1410.0,0.0,/home/cage/wattserve/results/two_gemm_norm_shape_n1_sweep/20260429T084814Z/llama13b_s8192/monitor/g92_n1.csv,/home/cage/wattserve/results/two_gemm_norm_shape_n1_sweep/20260429T084814Z/llama13b_s8192/phase_events/g92_n1.csv,1e-06,20260429T084814Z
llama13b_s8192,1000.0,8.659285227457682,115,ok,,2026-04-29T09:10:23.391294Z,8192,5120,13824,bfloat16,115,1,47,30.0,20.0,977.2503051757812,42582.94921875,42.583207845687866,22582.94921875,42582.94921875,20000.0,47,47,22,23,19926.793212890625,5.54905603826046,905.7633278586648,0.24126330601132434,2530,23,2319282339840.0,294.46706537805267,397.1403726391016,398.83,395.25,1410.0,1410.0,1410.0,1959,397.1435648092261,0.0,1410.0,0.0,/home/cage/wattserve/results/two_gemm_norm_shape_n1_sweep/20260429T084814Z/llama13b_s8192/monitor/g115_n1.csv,/home/cage/wattserve/results/two_gemm_norm_shape_n1_sweep/20260429T084814Z/llama13b_s8192/phase_events/g115_n1.csv,1e-06,20260429T084814Z
llama13b_s8192,1400.0,8.659285227457682,162,ok,,2026-04-29T09:11:08.112720Z,8192,5120,13824,bfloat16,162,1,34,30.0,20.0,1350.1326904296875,43381.95703125,43.382248640060425,23381.95703125,43381.95703125,20000.0,34,34,15,16,19134.993408203125,3.8584320545196533,1275.6662272135416,0.24115200340747833,2430,16,2319282339840.0,294.531383710596,391.8441017811705,393.89,390.31,1410.0,1410.0,1410.0,1965,391.82328899061275,0.0,1410.0,0.0,/home/cage/wattserve/results/two_gemm_norm_shape_n1_sweep/20260429T084814Z/llama13b_s8192/monitor/g162_n1.csv,/home/cage/wattserve/results/two_gemm_norm_shape_n1_sweep/20260429T084814Z/llama13b_s8192/phase_events/g162_n1.csv,1e-06,20260429T084814Z
llama13b_s8192,1800.0,8.659285227457682,208,ok,,2026-04-29T09:11:53.965842Z,8192,5120,13824,bfloat16,208,1,27,30.0,20.0,1710.2008056640625,44229.96875,44.23022150993347,24229.96875,44229.96875,20000.0,27,27,12,13,19654.336303710938,3.13753604888916,1637.8613586425781,0.2413489268376277,2496,13,2319282339840.0,294.5369729502203,390.78530612244896,392.49,388.74,1410.0,1410.0,1410.0,1960,390.7870488159938,0.0,1410.0,0.0,/home/cage/wattserve/results/two_gemm_norm_shape_n1_sweep/20260429T084814Z/llama13b_s8192/monitor/g208_n1.csv,/home/cage/wattserve/results/two_gemm_norm_shape_n1_sweep/20260429T084814Z/llama13b_s8192/phase_events/g208_n1.csv,1e-06,20260429T084814Z
llama34b_s8192,20.0,21.994155883789062,1,ok,,2026-04-29T11:50:37.669238Z,8192,8192,22016,bfloat16,1,1,2008,30.0,20.0,22.417407989501953,45347.65234375,45.347822189331055,25347.65234375,45347.65234375,20000.0,2008,2008,889,890,19634.663608551025,346.6488016843796,22.086235780147383,0.3894930356004265,889,890,5909874999296.0,267.58181240681125,398.2526805696846,417.9,356.93,1255.5213631739573,1275.0,1230.0,1966,398.26893513310836,395.6720512820513,1255.5511811023623,1256.1538461538462,/home/cage/wattserve/results/two_gemm_norm_shape_n1_sweep/20260429T112339Z/llama34b_s8192/monitor/g1_n1.csv,/home/cage/wattserve/results/two_gemm_norm_shape_n1_sweep/20260429T112339Z/llama34b_s8192/phase_events/g1_n1.csv,1e-06,20260429T112339Z
llama34b_s8192,40.0,21.994155883789062,2,ok,,2026-04-29T11:51:25.789902Z,8192,8192,22016,bfloat16,2,1,1005,30.0,20.0,44.80204772949219,45261.078125,45.26123547554016,25261.078125,45261.078125,20000.0,1005,1005,444,445,19785.61937713623,173.85471946001053,44.56220580436088,0.39068476283148434,888,445,5909874999296.0,265.24158275475924,398.90012182741117,416.13,383.79,1243.9416243654823,1245.0,1230.0,1970,398.90818693693694,398.8723076923077,1243.962837837838,1242.6923076923076,/home/cage/wattserve/results/two_gemm_norm_shape_n1_sweep/20260429T112339Z/llama34b_s8192/monitor/g2_n1.csv,/home/cage/wattserve/results/two_gemm_norm_shape_n1_sweep/20260429T112339Z/llama34b_s8192/phase_events/g2_n1.csv,1e-06,20260429T112339Z
llama34b_s8192,60.0,21.994155883789062,3,ok,,2026-04-29T11:52:13.072359Z,8192,8192,22016,bfloat16,3,1,590,30.0,20.0,76.35660552978516,39740.0234375,39.74023079872131,19740.0234375,39740.0234375,20000.0,590,590,296,297,19843.532760620117,116.06630408763885,67.03896202912202,0.3907956366587167,888,297,5909874999296.0,264.467474752759,398.3550076335878,418.77,368.21,1241.0076335877864,1245.0,1215.0,1965,398.32072876447876,394.258,1241.0171332046332,1239.0,/home/cage/wattserve/results/two_gemm_norm_shape_n1_sweep/20260429T112339Z/llama34b_s8192/monitor/g3_n1.csv,/home/cage/wattserve/results/two_gemm_norm_shape_n1_sweep/20260429T112339Z/llama34b_s8192/phase_events/g3_n1.csv,1e-06,20260429T112339Z
llama34b_s8192,80.0,21.994155883789062,4,ok,,2026-04-29T11:52:54.506931Z,8192,8192,22016,bfloat16,4,1,509,30.0,20.0,88.4111328125,45703.984375,45.7042031288147,25703.984375,45703.984375,20000.0,509,509,222,223,19876.355407714844,87.14575991034508,89.53313246718398,0.39078816103293756,888,223,5909874999296.0,264.0307486823209,398.18732960325536,418.77,360.15,1238.8428280773144,1245.0,1215.0,1966,398.2158026776777,403.95,1238.8410285285283,1233.75,/home/cage/wattserve/results/two_gemm_norm_shape_n1_sweep/20260429T112339Z/llama34b_s8192/monitor/g4_n1.csv,/home/cage/wattserve/results/two_gemm_norm_shape_n1_sweep/20260429T112339Z/llama34b_s8192/phase_events/g4_n1.csv,1e-06,20260429T112339Z
llama34b_s8192,100.0,21.994155883789062,5,ok,,2026-04-29T11:53:41.915636Z,8192,8192,22016,bfloat16,5,1,403,30.0,20.0,111.72659301757812,45195.0859375,45.19518208503723,25195.0859375,45195.0859375,20000.0,403,403,178,179,19878.591468811035,69.9668479859829,111.67748016185975,0.390876245731748,890,179,5909874999296.0,264.5956459050886,398.77504834605594,416.45,370.25,1241.0916030534352,1260.0,1215.0,1965,398.75790772897517,397.99111111111114,1241.1046986721144,1236.6666666666667,/home/cage/wattserve/results/two_gemm_norm_shape_n1_sweep/20260429T112339Z/llama34b_s8192/monitor/g5_n1.csv,/home/cage/wattserve/results/two_gemm_norm_shape_n1_sweep/20260429T112339Z/llama34b_s8192/phase_events/g5_n1.csv,1e-06,20260429T112339Z
llama34b_s8192,150.0,21.994155883789062,7,ok,,2026-04-29T11:54:28.732621Z,8192,8192,22016,bfloat16,7,1,292,30.0,20.0,154.35980224609375,45623.4453125,45.623618364334106,25623.4453125,45623.4453125,20000.0,292,292,128,129,19945.391067504883,50.41561597585678,155.8233677148819,0.3908187284950138,896,129,5909874999296.0,265.4872988675693,398.9664223918575,406.36,388.74,1245.0,1245.0,1245.0,1965,398.967693359375,398.3385714285714,1245.0,1245.0,/home/cage/wattserve/results/two_gemm_norm_shape_n1_sweep/20260429T112339Z/llama34b_s8192/monitor/g7_n1.csv,/home/cage/wattserve/results/two_gemm_norm_shape_n1_sweep/20260429T112339Z/llama34b_s8192/phase_events/g7_n1.csv,1e-06,20260429T112339Z
llama34b_s8192,180.0,21.994155883789062,8,ok,,2026-04-29T11:55:16.100889Z,8192,8192,22016,bfloat16,8,1,255,30.0,20.0,176.62156677246094,45650.015625,45.650176763534546,25650.015625,45650.015625,20000.0,255,255,111,112,19816.10289001465,43.735040217638016,178.52344945959143,0.39049143051462515,888,112,5909874999296.0,264.83355624981664,398.476998982706,418.18,380.35,1242.4821973550356,1260.0,1230.0,1966,398.4767794264853,399.8025,1242.4827768945418,1239.375,/home/cage/wattserve/results/two_gemm_norm_shape_n1_sweep/20260429T112339Z/llama34b_s8192/monitor/g8_n1.csv,/home/cage/wattserve/results/two_gemm_norm_shape_n1_sweep/20260429T112339Z/llama34b_s8192/phase_events/g8_n1.csv,1e-06,20260429T112339Z
llama34b_s8192,210.0,21.994155883789062,10,ok,,2026-04-29T11:56:03.335582Z,8192,8192,22016,bfloat16,10,1,205,30.0,20.0,220.3750457763672,45728.78125,45.72888708114624,25728.78125,45728.78125,20000.0,205,205,89,90,19841.68016052246,35.151776015758514,222.9402265227243,0.3905752890639835,890,90,5909874999296.0,265.08787092730466,398.21941984732825,423.66,369.93,1243.8473282442749,1260.0,1215.0,1965,398.2453668973918,401.145,1243.8967700594471,1245.0,/home/cage/wattserve/results/two_gemm_norm_shape_n1_sweep/20260429T112339Z/llama34b_s8192/monitor/g10_n1.csv,/home/cage/wattserve/results/two_gemm_norm_shape_n1_sweep/20260429T112339Z/llama34b_s8192/phase_events/g10_n1.csv,1e-06,20260429T112339Z
llama34b_s8192,240.0,21.994155883789062,11,ok,,2026-04-29T11:56:50.651035Z,8192,8192,22016,bfloat16,11,1,186,30.0,20.0,242.3521270751953,45605.71484375,45.605872631073,25605.71484375,45605.71484375,20000.0,186,186,81,82,19836.91372680664,31.985664129257202,244.90016946674865,0.39006907474703906,891,82,5909874999296.0,265.44948961777897,397.7668413021363,424.66,370.52,1246.5564598168871,1260.0,1215.0,1966,397.7407040168187,397.566,1246.5824610842726,1248.0,/home/cage/wattserve/results/two_gemm_norm_shape_n1_sweep/20260429T112339Z/llama34b_s8192/monitor/g11_n1.csv,/home/cage/wattserve/results/two_gemm_norm_shape_n1_sweep/20260429T112339Z/llama34b_s8192/phase_events/g11_n1.csv,1e-06,20260429T112339Z
llama34b_s8192,270.0,21.994155883789062,12,ok,,2026-04-29T11:57:37.847703Z,8192,8192,22016,bfloat16,12,1,170,30.0,20.0,264.80230712890625,45478.48828125,45.47860026359558,25478.48828125,45478.48828125,20000.0,170,170,74,75,19766.457489013672,29.241311997175217,267.11429039207667,0.3898841599623362,888,75,5909874999296.0,265.4987117591356,398.20149618320613,414.42,351.77,1246.1297709923665,1260.0,1215.0,1965,398.253701008701,0.0,1246.2136174636173,0.0,/home/cage/wattserve/results/two_gemm_norm_shape_n1_sweep/20260429T112339Z/llama34b_s8192/monitor/g12_n1.csv,/home/cage/wattserve/results/two_gemm_norm_shape_n1_sweep/20260429T112339Z/llama34b_s8192/phase_events/g12_n1.csv,1e-06,20260429T112339Z
llama34b_s8192,300.0,21.994155883789062,14,ok,,2026-04-29T11:58:24.922993Z,8192,8192,22016,bfloat16,14,1,146,30.0,20.0,308.3683776855469,45464.2578125,45.464406967163086,25464.2578125,45464.2578125,20000.0,146,146,64,65,19880.25750732422,25.334784030914307,310.6290235519409,0.3897659081679124,896,65,5909874999296.0,266.3571132022992,398.30999491353,415.0,376.86,1250.2187182095627,1260.0,1230.0,1966,398.2711144153226,398.26,1250.1857358870968,1255.0,/home/cage/wattserve/results/two_gemm_norm_shape_n1_sweep/20260429T112339Z/llama34b_s8192/monitor/g14_n1.csv,/home/cage/wattserve/results/two_gemm_norm_shape_n1_sweep/20260429T112339Z/llama34b_s8192/phase_events/g14_n1.csv,1e-06,20260429T112339Z
llama34b_s8192,450.0,22.132736206054688,20,ok,,2026-04-29T09:15:06.306905Z,8192,8192,22016,bfloat16,20,1,103,30.0,20.0,440.4346923828125,45925.140625,45.92542266845703,25925.140625,45925.140625,20000.0,103,103,44,45,19609.254913330078,17.543168157339096,445.6648843938654,0.3898481812742021,880,45,5909874999296.0,265.21609425583677,398.5332553407935,419.78,373.1,1244.3591047812818,1260.0,1215.0,1966,398.4975276282914,392.255,1244.4136796079185,1245.0,/home/cage/wattserve/results/two_gemm_norm_shape_n1_sweep/20260429T084814Z/llama34b_s8192/monitor/g20_n1.csv,/home/cage/wattserve/results/two_gemm_norm_shape_n1_sweep/20260429T084814Z/llama34b_s8192/phase_events/g20_n1.csv,1e-06,20260429T084814Z
llama34b_s8192,540.0,22.132736206054688,24,ok,,2026-04-29T09:15:54.008090Z,8192,8192,22016,bfloat16,24,1,86,30.0,20.0,528.4403076171875,40615.46484375,40.61577367782593,20615.46484375,40615.46484375,20000.0,86,86,42,43,19816.156188964844,16.752640068531036,471.81324259440106,0.3895962806635125,1008,43,5909874999296.0,300.6210660878707,358.90175840978594,361.28,357.84,1410.0,1410.0,1410.0,1962,358.89651601251046,0.0,1410.0,0.0,/home/cage/wattserve/results/two_gemm_norm_shape_n1_sweep/20260429T084814Z/llama34b_s8192/monitor/g24_n1.csv,/home/cage/wattserve/results/two_gemm_norm_shape_n1_sweep/20260429T084814Z/llama34b_s8192/phase_events/g24_n1.csv,1e-06,20260429T084814Z
llama34b_s8192,600.0,22.132736206054688,27,ok,,2026-04-29T09:16:36.494242Z,8192,8192,22016,bfloat16,27,1,76,30.0,20.0,594.43505859375,40376.73828125,40.37700271606445,20376.73828125,40376.73828125,20000.0,76,76,37,38,19639.87042236328,14.789632201194763,530.8073087125211,0.3892008473998622,999,38,5909874999296.0,300.61120553901674,357.65059693877555,360.15,355.8,1410.0,1410.0,1410.0,1960,357.6521298401791,357.51,1410.0,1410.0,/home/cage/wattserve/results/two_gemm_norm_shape_n1_sweep/20260429T084814Z/llama34b_s8192/monitor/g27_n1.csv,/home/cage/wattserve/results/two_gemm_norm_shape_n1_sweep/20260429T084814Z/llama34b_s8192/phase_events/g27_n1.csv,1e-06,20260429T084814Z
llama34b_s8192,660.0,22.132736206054688,30,ok,,2026-04-29T09:17:18.733894Z,8192,8192,22016,bfloat16,30,1,69,30.0,20.0,660.3724975585938,40729.62109375,40.72991728782654,20729.62109375,40729.62109375,20000.0,69,69,33,34,19464.059936523438,13.251584023237228,589.8199980764678,0.38975247127168317,990,34,5909874999296.0,300.59382617931215,357.230832057172,359.56,356.06,1410.0,1410.0,1410.0,1959,357.2267011310932,0.0,1410.0,0.0,/home/cage/wattserve/results/two_gemm_norm_shape_n1_sweep/20260429T084814Z/llama34b_s8192/monitor/g30_n1.csv,/home/cage/wattserve/results/two_gemm_norm_shape_n1_sweep/20260429T084814Z/llama34b_s8192/phase_events/g30_n1.csv,1e-06,20260429T084814Z
llama34b_s8192,800.0,22.132736206054688,36,ok,,2026-04-29T09:18:01.444570Z,8192,8192,22016,bfloat16,36,1,57,30.0,20.0,795.0469360351562,40376.609375,40.376803159713745,20376.609375,40376.609375,20000.0,57,57,28,29,19820.369995117188,11.294720083475113,707.870356968471,0.38947310632672805,1008,29,5909874999296.0,300.5571541176039,356.7363335033146,358.38,356.06,1410.0,1410.0,1410.0,1961,356.7397778850671,356.9433333333333,1410.0,1410.0,/home/cage/wattserve/results/two_gemm_norm_shape_n1_sweep/20260429T084814Z/llama34b_s8192/monitor/g36_n1.csv,/home/cage/wattserve/results/two_gemm_norm_shape_n1_sweep/20260429T084814Z/llama34b_s8192/phase_events/g36_n1.csv,1e-06,20260429T084814Z
llama34b_s8192,1000.0,22.132736206054688,45,ok,,2026-04-29T09:18:43.861302Z,8192,8192,22016,bfloat16,45,1,46,30.0,20.0,995.1344604492188,40725.03515625,40.72522854804993,20725.03515625,40725.03515625,20000.0,46,46,22,23,19466.064880371094,8.953856110572815,884.8211309259588,0.38929809176403546,990,23,5909874999296.0,300.5628659546265,356.716748216106,358.97,354.93,1410.0,1410.0,1410.0,1962,356.71393632182804,356.66,1410.0,1410.0,/home/cage/wattserve/results/two_gemm_norm_shape_n1_sweep/20260429T084814Z/llama34b_s8192/monitor/g45_n1.csv,/home/cage/wattserve/results/two_gemm_norm_shape_n1_sweep/20260429T084814Z/llama34b_s8192/phase_events/g45_n1.csv,1e-06,20260429T084814Z
llama34b_s8192,1400.0,22.132736206054688,63,ok,,2026-04-29T09:19:26.818831Z,8192,8192,22016,bfloat16,63,1,33,30.0,20.0,1373.4102783203125,40963.1171875,40.96332097053528,20963.1171875,40963.1171875,20000.0,33,33,16,17,19854.867553710938,6.61504003405571,1240.9292221069336,0.38912000200327707,1008,17,5909874999296.0,300.0349402067382,398.4822380467955,407.49,380.94,1407.2304170905393,1410.0,1395.0,1966,398.537732531643,386.69,1407.3109309995011,1410.0,/home/cage/wattserve/results/two_gemm_norm_shape_n1_sweep/20260429T084814Z/llama34b_s8192/monitor/g63_n1.csv,/home/cage/wattserve/results/two_gemm_norm_shape_n1_sweep/20260429T084814Z/llama34b_s8192/phase_events/g63_n1.csv,1e-06,20260429T084814Z
llama34b_s8192,1800.0,22.132736206054688,81,ok,,2026-04-29T09:20:10.384113Z,8192,8192,22016,bfloat16,81,1,27,30.0,20.0,1725.6304931640625,43117.03125,43.11724615097046,23117.03125,43117.03125,20000.0,27,27,12,13,19149.60498046875,5.06470400094986,1595.8004150390625,0.38959261545768153,972,13,5909874999296.0,299.9747778178502,398.9767515274949,406.62,386.1,1406.960285132383,1410.0,1395.0,1964,398.9548085674751,0.0,1407.0397857890048,0.0,/home/cage/wattserve/results/two_gemm_norm_shape_n1_sweep/20260429T084814Z/llama34b_s8192/monitor/g81_n1.csv,/home/cage/wattserve/results/two_gemm_norm_shape_n1_sweep/20260429T084814Z/llama34b_s8192/phase_events/g81_n1.csv,1e-06,20260429T084814Z
llama70b_s16384,60.0,59.43773905436198,1,ok,,2026-04-29T12:07:06.295888Z,16384,8192,28672,bfloat16,1,1,756,30.0,20.0,59.54662322998047,45350.7109375,45.350876569747925,25350.7109375,45350.7109375,20000.0,756,756,334,335,19727.717403411865,260.98892694711685,59.06502216590379,0.7790714237227369,334,335,15393162788864.0,260.61384935448217,397.59563136456217,421.94,368.21,1239.7836048879838,1245.0,1200.0,1964,397.6094141716567,399.8818518518518,1239.758982035928,1240.5555555555557,/home/cage/wattserve/results/two_gemm_norm_shape_n1_sweep/20260429T112339Z/llama70b_s16384/monitor/g1_n1.csv,/home/cage/wattserve/results/two_gemm_norm_shape_n1_sweep/20260429T112339Z/llama70b_s16384/phase_events/g1_n1.csv,1e-06,20260429T112339Z
llama70b_s16384,120.0,59.43773905436198,2,ok,,2026-04-29T12:07:53.788187Z,16384,8192,28672,bfloat16,2,1,381,30.0,20.0,118.31910705566406,45555.3828125,45.555599212646484,25555.3828125,45555.3828125,20000.0,381,381,167,168,19837.84445953369,131.1631339788437,118.78948778163887,0.7807329403502601,334,168,15393162788864.0,259.1670875315164,398.26848346055976,420.76,369.66,1231.9618320610687,1245.0,1215.0,1965,398.30277898747954,396.7221052631579,1231.950190528035,1231.578947368421,/home/cage/wattserve/results/two_gemm_norm_shape_n1_sweep/20260429T112339Z/llama70b_s16384/monitor/g2_n1.csv,/home/cage/wattserve/results/two_gemm_norm_shape_n1_sweep/20260429T112339Z/llama70b_s16384/phase_events/g2_n1.csv,1e-06,20260429T112339Z
llama70b_s16384,180.0,59.43773905436198,3,ok,,2026-04-29T12:08:41.242723Z,16384,8192,28672,bfloat16,3,1,253,30.0,20.0,178.43405151367188,45145.8203125,45.14598226547241,25145.8203125,45145.8203125,20000.0,253,253,112,113,19891.887130737305,88.16230273246765,177.60613509586878,0.7801973693138731,336,113,15393162788864.0,260.0106597762802,398.1967531806616,422.21,377.71,1237.0458015267175,1260.0,1215.0,1965,398.1776196311858,399.976,1237.0365021008404,1233.0,/home/cage/wattserve/results/two_gemm_norm_shape_n1_sweep/20260429T112339Z/llama70b_s16384/monitor/g3_n1.csv,/home/cage/wattserve/results/two_gemm_norm_shape_n1_sweep/20260429T112339Z/llama70b_s16384/phase_events/g3_n1.csv,1e-06,20260429T112339Z
llama70b_s16384,240.0,59.43773905436198,4,ok,,2026-04-29T12:09:28.260354Z,16384,8192,28672,bfloat16,4,1,190,30.0,20.0,237.00070190429688,45140.31640625,45.14047694206238,25140.31640625,45140.31640625,20000.0,190,190,84,85,19906.501678466797,66.32345521450043,236.98216283889045,0.7802759437000051,336,85,15393162788864.0,259.8197704749427,398.2878575063613,421.35,375.41,1235.7022900763359,1245.0,1200.0,1965,398.3168978605935,393.3275,1235.6913172877848,1241.25,/home/cage/wattserve/results/two_gemm_norm_shape_n1_sweep/20260429T112339Z/llama70b_s16384/monitor/g4_n1.csv,/home/cage/wattserve/results/two_gemm_norm_shape_n1_sweep/20260429T112339Z/llama70b_s16384/phase_events/g4_n1.csv,1e-06,20260429T112339Z
llama70b_s16384,300.0,59.43773905436198,5,ok,,2026-04-29T12:10:15.281018Z,16384,8192,28672,bfloat16,5,1,153,30.0,20.0,295.0256652832031,45439.39453125,45.439553022384644,25439.39453125,45439.39453125,20000.0,153,153,67,68,19839.327209472656,53.04627102613449,296.10936133541276,0.780092220972566,335,68,15393162788864.0,259.92360929493987,398.3960223804679,419.04,372.56,1235.1347914547305,1245.0,1200.0,1966,398.451801852805,394.084,1235.1327843540914,1239.0,/home/cage/wattserve/results/two_gemm_norm_shape_n1_sweep/20260429T112339Z/llama70b_s16384/monitor/g5_n1.csv,/home/cage/wattserve/results/two_gemm_norm_shape_n1_sweep/20260429T112339Z/llama70b_s16384/phase_events/g5_n1.csv,1e-06,20260429T112339Z
llama70b_s16384,450.0,59.40462748209635,8,ok,,2026-04-29T09:31:38.922651Z,16384,8192,28672,bfloat16,8,1,95,30.0,20.0,476.1600036621094,45176.05078125,45.176361083984375,25176.05078125,45176.05078125,20000.0,95,95,42,43,19947.358154296875,33.52063989639282,474.93709891183033,0.7795497650323913,336,43,15393162788864.0,259.2876037543938,398.6109836901121,420.22,367.62,1233.0886850152906,1245.0,1200.0,1962,398.6171713801154,398.045,1233.0827937095282,1245.0,/home/cage/wattserve/results/two_gemm_norm_shape_n1_sweep/20260429T084814Z/llama70b_s16384/monitor/g8_n1.csv,/home/cage/wattserve/results/two_gemm_norm_shape_n1_sweep/20260429T084814Z/llama70b_s16384/phase_events/g8_n1.csv,1e-06,20260429T084814Z
llama70b_s16384,540.0,59.40462748209635,9,ok,,2026-04-29T09:32:26.174253Z,16384,8192,28672,bfloat16,9,1,84,30.0,20.0,537.037841796875,44884.08203125,44.88439631462097,24884.08203125,44884.08203125,20000.0,84,84,37,38,19743.587280273438,29.627391397953033,533.6104670344172,0.7796681946829745,333,38,15393162788864.0,259.624714390845,398.9202448979592,423.22,379.76,1234.890306122449,1245.0,1200.0,1960,398.94048152395544,405.61,1234.9660171996466,1237.5,/home/cage/wattserve/results/two_gemm_norm_shape_n1_sweep/20260429T084814Z/llama70b_s16384/monitor/g9_n1.csv,/home/cage/wattserve/results/two_gemm_norm_shape_n1_sweep/20260429T084814Z/llama70b_s16384/phase_events/g9_n1.csv,1e-06,20260429T084814Z
llama70b_s16384,600.0,59.40462748209635,10,ok,,2026-04-29T09:33:13.213800Z,16384,8192,28672,bfloat16,10,1,76,30.0,20.0,592.2508544921875,45049.6640625,45.05002546310425,25049.6640625,45049.6640625,20000.0,76,76,33,34,19519.325256347656,26.510335683822632,591.4947047378078,0.779715755406548,330,34,15393162788864.0,260.2417682790134,398.3497447677386,420.91,370.79,1237.4425727411945,1260.0,1215.0,1959,398.24766842655225,402.8225,1237.5269482483639,1245.0,/home/cage/wattserve/results/two_gemm_norm_shape_n1_sweep/20260429T084814Z/llama70b_s16384/monitor/g10_n1.csv,/home/cage/wattserve/results/two_gemm_norm_shape_n1_sweep/20260429T084814Z/llama70b_s16384/phase_events/g10_n1.csv,1e-06,20260429T084814Z
llama70b_s16384,660.0,59.40462748209635,11,ok,,2026-04-29T09:34:00.466679Z,16384,8192,28672,bfloat16,11,1,70,30.0,20.0,650.0147094726562,45566.15234375,45.56648516654968,25566.15234375,45566.15234375,20000.0,70,70,30,31,19520.422973632812,24.16742378473282,650.6807657877604,0.7795943156365426,330,31,15393162788864.0,260.22713376582965,397.7253054989817,420.91,371.11,1237.5152749490835,1260.0,1215.0,1964,397.73218666692105,0.0,1237.4183455433456,0.0,/home/cage/wattserve/results/two_gemm_norm_shape_n1_sweep/20260429T084814Z/llama70b_s16384/monitor/g11_n1.csv,/home/cage/wattserve/results/two_gemm_norm_shape_n1_sweep/20260429T084814Z/llama70b_s16384/phase_events/g11_n1.csv,1e-06,20260429T084814Z
llama70b_s16384,800.0,59.40462748209635,13,ok,,2026-04-29T09:34:48.285687Z,16384,8192,28672,bfloat16,13,1,59,30.0,20.0,765.6642456054688,45341.46875,45.34181332588196,25341.46875,45341.46875,20000.0,59,59,26,27,19946.85125732422,21.050367772579193,767.1865868201622,0.7796432508362664,338,27,15393162788864.0,260.8376106843229,398.5994747577766,418.77,381.94,1240.2957674655788,1260.0,1215.0,1961,398.59893106102055,402.6,1240.2832913885545,1245.0,/home/cage/wattserve/results/two_gemm_norm_shape_n1_sweep/20260429T084814Z/llama70b_s16384/monitor/g13_n1.csv,/home/cage/wattserve/results/two_gemm_norm_shape_n1_sweep/20260429T084814Z/llama70b_s16384/phase_events/g13_n1.csv,1e-06,20260429T084814Z
llama70b_s16384,1000.0,59.40462748209635,17,ok,,2026-04-29T09:35:35.979510Z,16384,8192,28672,bfloat16,17,1,45,30.0,20.0,1001.0194091796875,45277.36328125,45.27763319015503,25277.36328125,45277.36328125,20000.0,45,45,19,20,19115.509826660156,15.596543908119202,1006.0794645610608,0.7798271954059601,323,20,15393162788864.0,260.1024835795224,398.6290269994906,418.33,380.03,1236.4111054508405,1245.0,1215.0,1963,398.685349032755,393.62,1236.303339517625,1230.0,/home/cage/wattserve/results/two_gemm_norm_shape_n1_sweep/20260429T084814Z/llama70b_s16384/monitor/g17_n1.csv,/home/cage/wattserve/results/two_gemm_norm_shape_n1_sweep/20260429T084814Z/llama70b_s16384/phase_events/g17_n1.csv,1e-06,20260429T084814Z
llama70b_s16384,1400.0,59.40462748209635,24,ok,,2026-04-29T09:36:23.824198Z,16384,8192,28672,bfloat16,24,1,32,30.0,20.0,1408.310302734375,39881.8125,39.88206744194031,19881.8125,39881.8125,20000.0,32,32,16,17,19925.522216796875,13.272063851356506,1245.3451385498047,0.7807096383150887,384,17,15393162788864.0,296.65343003863285,358.36973496432216,362.73,355.53,1410.0,1410.0,1410.0,1962,358.3665149356924,0.0,1410.0,0.0,/home/cage/wattserve/results/two_gemm_norm_shape_n1_sweep/20260429T084814Z/llama70b_s16384/monitor/g24_n1.csv,/home/cage/wattserve/results/two_gemm_norm_shape_n1_sweep/20260429T084814Z/llama70b_s16384/phase_events/g24_n1.csv,1e-06,20260429T084814Z
llama70b_s16384,1800.0,59.40462748209635,30,ok,,2026-04-29T09:37:06.654527Z,16384,8192,28672,bfloat16,30,1,26,30.0,20.0,1766.0743408203125,40501.48828125,40.501641035079956,20501.48828125,40501.48828125,20000.0,26,26,12,13,18680.596313476562,10.140671789646149,1556.7163594563801,0.7800516761266268,360,13,15393162788864.0,296.64677245839636,357.8516283818274,362.14,354.93,1410.0,1410.0,1410.0,1959,357.86952281418417,356.93,1410.0,1410.0,/home/cage/wattserve/results/two_gemm_norm_shape_n1_sweep/20260429T084814Z/llama70b_s16384/monitor/g30_n1.csv,/home/cage/wattserve/results/two_gemm_norm_shape_n1_sweep/20260429T084814Z/llama70b_s16384/phase_events/g30_n1.csv,1e-06,20260429T084814Z
llama70b_s8192,20.0,29.244415283203125,1,ok,,2026-04-29T11:59:12.345795Z,8192,8192,28672,bfloat16,1,1,1523,30.0,20.0,29.55673599243164,45225.29296875,45.225406646728516,25225.29296875,45225.29296875,20000.0,1523,1523,675,676,19721.286701202393,263.81414368748665,29.21672103881836,0.39025760900515777,675,676,7696581394432.0,263.4307040891431,397.9771399491094,413.29,370.52,1257.0992366412213,1260.0,1230.0,1965,397.972138271605,396.17,1257.111111111111,1257.6923076923076,/home/cage/wattserve/results/two_gemm_norm_shape_n1_sweep/20260429T112339Z/llama70b_s8192/monitor/g1_n1.csv,/home/cage/wattserve/results/two_gemm_norm_shape_n1_sweep/20260429T112339Z/llama70b_s8192/phase_events/g1_n1.csv,1e-06,20260429T112339Z
llama70b_s8192,60.0,29.244415283203125,2,ok,,2026-04-29T12:00:00.034722Z,8192,8192,28672,bfloat16,2,1,767,30.0,20.0,58.71206283569336,45531.171875,45.53132963180542,25531.171875,45531.171875,20000.0,767,767,336,337,19812.710430145264,131.32390466332436,58.96640008971805,0.3896851770425055,672,337,7696581394432.0,261.04972942969437,398.2365190839695,418.77,374.01,1245.9770992366412,1260.0,1230.0,1965,398.2327896825397,397.3041666666666,1246.014880952381,1245.0,/home/cage/wattserve/results/two_gemm_norm_shape_n1_sweep/20260429T112339Z/llama70b_s8192/monitor/g2_n1.csv,/home/cage/wattserve/results/two_gemm_norm_shape_n1_sweep/20260429T112339Z/llama70b_s8192/phase_events/g2_n1.csv,1e-06,20260429T112339Z
llama70b_s8192,80.0,29.244415283203125,3,ok,,2026-04-29T12:00:47.494695Z,8192,8192,28672,bfloat16,3,1,513,30.0,20.0,87.88480377197266,45582.078125,45.58220624923706,25582.078125,45582.078125,20000.0,513,513,225,226,19894.23306274414,88.1141766011715,88.41881361219617,0.3898857371733252,675,226,7696581394432.0,261.1406242631498,398.23142496210204,422.53,374.01,1246.3415866599294,1260.0,1230.0,1979,398.1976203703704,395.6933333333333,1246.3564814814813,1247.5,/home/cage/wattserve/results/two_gemm_norm_shape_n1_sweep/20260429T112339Z/llama70b_s8192/monitor/g3_n1.csv,/home/cage/wattserve/results/two_gemm_norm_shape_n1_sweep/20260429T112339Z/llama70b_s8192/phase_events/g3_n1.csv,1e-06,20260429T112339Z
llama70b_s8192,120.0,29.244415283203125,4,ok,,2026-04-29T12:01:34.813138Z,8192,8192,28672,bfloat16,4,1,385,30.0,20.0,116.99712371826172,45611.7578125,45.61188578605652,25611.7578125,45611.7578125,20000.0,385,385,168,169,19836.173309326172,65.85856026411057,118.07246017456055,0.38969562286455955,672,169,7696581394432.0,260.74095121091676,398.4559338422392,416.73,366.49,1245.1297709923665,1260.0,1215.0,1965,398.4254261363636,396.46,1245.1454274891776,1248.0,/home/cage/wattserve/results/two_gemm_norm_shape_n1_sweep/20260429T112339Z/llama70b_s8192/monitor/g4_n1.csv,/home/cage/wattserve/results/two_gemm_norm_shape_n1_sweep/20260429T112339Z/llama70b_s8192/phase_events/g4_n1.csv,1e-06,20260429T112339Z
llama70b_s8192,150.0,29.244415283203125,5,ok,,2026-04-29T12:02:22.092533Z,8192,8192,28672,bfloat16,5,1,308,30.0,20.0,146.14938354492188,45571.03515625,45.57116508483887,25571.03515625,45571.03515625,20000.0,308,308,135,136,19920.517135620117,52.93670451641083,147.55938618977865,0.38924047438537374,675,136,7696581394432.0,260.7960629672617,398.5237455470738,424.51,373.42,1245.0458015267175,1260.0,1215.0,1965,398.54163880070547,404.31666666666666,1245.0306878306878,1245.0,/home/cage/wattserve/results/two_gemm_norm_shape_n1_sweep/20260429T112339Z/llama70b_s8192/monitor/g5_n1.csv,/home/cage/wattserve/results/two_gemm_norm_shape_n1_sweep/20260429T112339Z/llama70b_s8192/phase_events/g5_n1.csv,1e-06,20260429T112339Z
llama70b_s8192,180.0,29.244415283203125,6,ok,,2026-04-29T12:03:09.303753Z,8192,8192,28672,bfloat16,6,1,257,30.0,20.0,175.29344177246094,45531.83984375,45.531968116760254,25531.83984375,45531.83984375,20000.0,257,257,112,113,19808.07275390625,44.01868838071823,176.8577924455915,0.3895459148736127,672,113,7696581394432.0,261.11084916316963,398.28741984732824,420.49,374.87,1246.3664122137404,1260.0,1230.0,1965,398.26395074696546,404.83000000000004,1246.4018732492998,1239.0,/home/cage/wattserve/results/two_gemm_norm_shape_n1_sweep/20260429T112339Z/llama70b_s8192/monitor/g6_n1.csv,/home/cage/wattserve/results/two_gemm_norm_shape_n1_sweep/20260429T112339Z/llama70b_s8192/phase_events/g6_n1.csv,1e-06,20260429T112339Z
llama70b_s8192,210.0,29.244415283203125,7,ok,,2026-04-29T12:03:56.471236Z,8192,8192,28672,bfloat16,7,1,221,30.0,20.0,204.43545532226562,45679.95703125,45.68008637428284,25679.95703125,45679.95703125,20000.0,221,221,96,97,19818.546112060547,37.80096012353897,206.44318866729736,0.3897006198302987,672,97,7696581394432.0,260.9728618746069,398.423504577823,417.9,370.25,1246.0223804679551,1260.0,1230.0,1966,398.3471423611111,400.02375,1246.0431547619048,1245.0,/home/cage/wattserve/results/two_gemm_norm_shape_n1_sweep/20260429T112339Z/llama70b_s8192/monitor/g7_n1.csv,/home/cage/wattserve/results/two_gemm_norm_shape_n1_sweep/20260429T112339Z/llama70b_s8192/phase_events/g7_n1.csv,1e-06,20260429T112339Z
llama70b_s8192,240.0,29.244415283203125,8,ok,,2026-04-29T12:04:43.795689Z,8192,8192,28672,bfloat16,8,1,193,30.0,20.0,233.5979461669922,45560.0546875,45.56022596359253,25560.0546875,45560.0546875,20000.0,193,193,84,85,19807.019012451172,33.09772816300392,235.79784538632347,0.38938503721181084,672,85,7696581394432.0,261.124740366382,398.3904120040692,420.49,371.7,1246.6480162767039,1260.0,1215.0,1966,398.41664510006905,393.625,1246.6715191511387,1252.5,/home/cage/wattserve/results/two_gemm_norm_shape_n1_sweep/20260429T112339Z/llama70b_s8192/monitor/g8_n1.csv,/home/cage/wattserve/results/two_gemm_norm_shape_n1_sweep/20260429T112339Z/llama70b_s8192/phase_events/g8_n1.csv,1e-06,20260429T112339Z
llama70b_s8192,270.0,29.244415283203125,9,ok,,2026-04-29T12:05:31.009430Z,8192,8192,28672,bfloat16,9,1,172,30.0,20.0,262.7164306640625,45619.3125,45.61944842338562,25619.3125,45619.3125,20000.0,172,172,75,76,19870.17315673828,29.564928382635117,264.9356420898437,0.38901221556098836,675,76,7696581394432.0,261.4568277921539,398.2974147582697,421.94,375.14,1248.2595419847328,1260.0,1215.0,1965,398.2833907008547,392.1175,1248.3081937321938,1256.25,/home/cage/wattserve/results/two_gemm_norm_shape_n1_sweep/20260429T112339Z/llama70b_s8192/monitor/g9_n1.csv,/home/cage/wattserve/results/two_gemm_norm_shape_n1_sweep/20260429T112339Z/llama70b_s8192/phase_events/g9_n1.csv,1e-06,20260429T112339Z
llama70b_s8192,300.0,29.244415283203125,10,ok,,2026-04-29T12:06:18.286438Z,8192,8192,28672,bfloat16,10,1,155,30.0,20.0,291.8625183105469,45655.53125,45.65571880340576,25655.53125,45655.53125,20000.0,155,155,67,68,19727.809478759766,26.48883217573166,294.44491759342935,0.3895416496431126,670,68,7696581394432.0,261.3929103391579,398.7075877862596,423.39,374.55,1248.2213740458014,1260.0,1230.0,1965,398.7670283067422,396.50666666666666,1248.271763105654,1245.0,/home/cage/wattserve/results/two_gemm_norm_shape_n1_sweep/20260429T112339Z/llama70b_s8192/monitor/g10_n1.csv,/home/cage/wattserve/results/two_gemm_norm_shape_n1_sweep/20260429T112339Z/llama70b_s8192/phase_events/g10_n1.csv,1e-06,20260429T112339Z
llama70b_s8192,450.0,29.54376475016276,15,ok,,2026-04-29T09:23:20.237179Z,8192,8192,28672,bfloat16,15,1,103,30.0,20.0,437.644287109375,45442.86328125,45.44320344924927,25442.86328125,45442.86328125,20000.0,103,103,45,46,19838.29507446289,17.90054413676262,440.8510016547309,0.38914226384266565,675,46,7696581394432.0,261.8769617924063,398.6695315682281,421.17,379.76,1250.0865580448065,1260.0,1230.0,1964,398.67695853887716,401.72,1250.0648343904156,1255.0,/home/cage/wattserve/results/two_gemm_norm_shape_n1_sweep/20260429T084814Z/llama70b_s8192/monitor/g15_n1.csv,/home/cage/wattserve/results/two_gemm_norm_shape_n1_sweep/20260429T084814Z/llama70b_s8192/phase_events/g15_n1.csv,1e-06,20260429T084814Z
llama70b_s8192,540.0,29.54376475016276,18,ok,,2026-04-29T09:24:07.520640Z,8192,8192,28672,bfloat16,18,1,86,30.0,20.0,525.0816040039062,45515.703125,45.5159547328949,25515.703125,45515.703125,20000.0,86,86,37,38,19572.995239257812,14.785536080598831,528.9998713312922,0.3890930547526008,666,38,7696581394432.0,261.8875213544517,398.41166921119594,420.91,376.86,1249.7480916030534,1260.0,1215.0,1965,398.44183135432024,0.0,1249.7405891121207,0.0,/home/cage/wattserve/results/two_gemm_norm_shape_n1_sweep/20260429T084814Z/llama70b_s8192/monitor/g18_n1.csv,/home/cage/wattserve/results/two_gemm_norm_shape_n1_sweep/20260429T084814Z/llama70b_s8192/phase_events/g18_n1.csv,1e-06,20260429T084814Z
llama70b_s8192,660.0,29.54376475016276,22,ok,,2026-04-29T09:25:40.400499Z,8192,8192,28672,bfloat16,22,1,71,30.0,20.0,641.8944091796875,40766.13671875,40.76636981964111,20766.13671875,40766.13671875,20000.0,71,71,34,35,19490.345947265625,13.633536130189896,573.2454690372242,0.3895296037197113,748,35,7696581394432.0,295.37920458732617,355.8841560428353,360.15,352.9,1410.0,1410.0,1410.0,1961,355.8952173498586,356.39,1410.0,1410.0,/home/cage/wattserve/results/two_gemm_norm_shape_n1_sweep/20260429T084814Z/llama70b_s8192/monitor/g22_n1.csv,/home/cage/wattserve/results/two_gemm_norm_shape_n1_sweep/20260429T084814Z/llama70b_s8192/phase_events/g22_n1.csv,1e-06,20260429T084814Z
llama70b_s8192,800.0,29.54376475016276,27,ok,,2026-04-29T09:26:23.149189Z,8192,8192,28672,bfloat16,27,1,57,30.0,20.0,790.3539428710938,40129.3359375,40.12959623336792,20129.3359375,40129.3359375,20000.0,57,57,28,29,19699.031005859375,11.28243213891983,703.5368216378348,0.3890493841006838,756,29,7696581394432.0,295.3757234282171,356.0119570771589,357.84,353.48,1410.0,1410.0,1410.0,1957,356.0112088792039,355.635,1410.0,1410.0,/home/cage/wattserve/results/two_gemm_norm_shape_n1_sweep/20260429T084814Z/llama70b_s8192/monitor/g27_n1.csv,/home/cage/wattserve/results/two_gemm_norm_shape_n1_sweep/20260429T084814Z/llama70b_s8192/phase_events/g27_n1.csv,1e-06,20260429T084814Z
llama70b_s8192,1000.0,29.54376475016276,34,ok,,2026-04-29T09:27:05.409857Z,8192,8192,28672,bfloat16,34,1,46,30.0,20.0,996.1564331054688,40778.24609375,40.778595209121704,20778.24609375,40778.24609375,20000.0,46,46,22,23,19491.34942626953,8.96000000834465,885.9704284667969,0.38956521775411523,748,23,7696581394432.0,295.3639974909106,356.52282807731433,360.15,353.39,1410.0,1410.0,1410.0,1966,356.5325671515218,355.33500000000004,1410.0,1410.0,/home/cage/wattserve/results/two_gemm_norm_shape_n1_sweep/20260429T084814Z/llama70b_s8192/monitor/g34_n1.csv,/home/cage/wattserve/results/two_gemm_norm_shape_n1_sweep/20260429T084814Z/llama70b_s8192/phase_events/g34_n1.csv,1e-06,20260429T084814Z
llama70b_s8192,1400.0,29.54376475016276,47,ok,,2026-04-29T09:27:48.526104Z,8192,8192,28672,bfloat16,47,1,33,30.0,20.0,1375.477783203125,40438.828125,40.4390504360199,20438.828125,40438.828125,20000.0,33,33,16,17,19597.6181640625,6.633471995592117,1224.8511352539062,0.3902042350348304,752,17,7696581394432.0,295.3332981671418,362.3103256997456,365.63,359.56,1410.0,1410.0,1410.0,1965,362.29625493994087,362.865,1410.0,1410.0,/home/cage/wattserve/results/two_gemm_norm_shape_n1_sweep/20260429T084814Z/llama70b_s8192/monitor/g47_n1.csv,/home/cage/wattserve/results/two_gemm_norm_shape_n1_sweep/20260429T084814Z/llama70b_s8192/phase_events/g47_n1.csv,1e-06,20260429T084814Z
llama70b_s8192,1800.0,29.54376475016276,61,ok,,2026-04-29T09:28:31.658345Z,8192,8192,28672,bfloat16,61,1,26,30.0,20.0,1751.32568359375,41420.9921875,41.42126822471619,21420.9921875,41420.9921875,20000.0,26,26,12,13,19114.78369140625,5.051392108201981,1592.8986409505208,0.3885686237078447,732,13,7696581394432.0,294.74032621447606,398.89339449541285,408.07,383.71,1407.4388379204893,1410.0,1395.0,1962,398.88682533379347,406.89,1407.3971280286387,1410.0,/home/cage/wattserve/results/two_gemm_norm_shape_n1_sweep/20260429T084814Z/llama70b_s8192/monitor/g61_n1.csv,/home/cage/wattserve/results/two_gemm_norm_shape_n1_sweep/20260429T084814Z/llama70b_s8192/phase_events/g61_n1.csv,1e-06,20260429T084814Z
llama7b_s4096,20.0,3.389439900716146,6,ok,,2026-04-29T11:23:41.383625Z,4096,4096,11008,bfloat16,6,1,2215,30.0,20.0,20.318208694458008,38707.8671875,38.707894802093506,18707.8671875,38707.8671875,20000.0,2215,2215,1142,1143,19881.372562408447,109.25261092185974,17.40925793555906,0.09558408654580905,6852,1143,738734374912.0,254.60052725272362,398.4865936863544,410.82,381.02,1269.5850305498982,1275.0,1260.0,1964,398.48859457092817,401.29571428571427,1269.6081436077059,1266.4285714285713,/home/cage/wattserve/results/two_gemm_norm_shape_n1_sweep/20260429T112339Z/llama7b_s4096/monitor/g6_n1.csv,/home/cage/wattserve/results/two_gemm_norm_shape_n1_sweep/20260429T112339Z/llama7b_s4096/phase_events/g6_n1.csv,1e-06,20260429T112339Z
llama7b_s4096,30.0,3.4088961283365884,9,ok,,2026-04-29T08:48:15.740657Z,4096,4096,11008,bfloat16,9,1,1538,30.0,20.0,29.264896392822266,40247.0859375,40.24727010726929,20247.0859375,40247.0859375,20000.0,1538,1538,764,765,19919.943696975708,73.21600197255611,26.073224734261398,0.09570719212098838,6876,765,738734374912.0,254.99758629669716,398.5522040816326,417.9,378.31,1272.4591836734694,1290.0,1260.0,1960,398.5484860383944,408.2733333333333,1272.4803664921467,1285.0,/home/cage/wattserve/results/two_gemm_norm_shape_n1_sweep/20260429T084814Z/llama7b_s4096/monitor/g9_n1.csv,/home/cage/wattserve/results/two_gemm_norm_shape_n1_sweep/20260429T084814Z/llama7b_s4096/phase_events/g9_n1.csv,1e-06,20260429T084814Z
llama7b_s4096,40.0,3.389439900716146,12,ok,,2026-04-29T11:24:22.563773Z,4096,4096,11008,bfloat16,12,1,1107,30.0,20.0,40.66815948486328,38702.94921875,38.70309901237488,18702.94921875,38702.94921875,20000.0,1107,1107,572,573,19936.018409729004,54.654977425932884,34.85317903798777,0.09538390475729998,6864,573,738734374912.0,254.34731475375352,398.08253054989814,412.7,379.76,1268.5768839103869,1275.0,1260.0,1964,398.1011611305361,401.425,1268.5861013986014,1269.0,/home/cage/wattserve/results/two_gemm_norm_shape_n1_sweep/20260429T112339Z/llama7b_s4096/monitor/g12_n1.csv,/home/cage/wattserve/results/two_gemm_norm_shape_n1_sweep/20260429T112339Z/llama7b_s4096/phase_events/g12_n1.csv,1e-06,20260429T112339Z
llama7b_s4096,60.0,3.389439900716146,18,ok,,2026-04-29T11:25:03.062416Z,4096,4096,11008,bfloat16,18,1,745,30.0,20.0,60.424190521240234,38970.91796875,38.97106146812439,18970.91796875,38970.91796875,20000.0,745,745,382,383,19941.14560699463,36.54451295733452,52.20195185077128,0.0954164829173225,6876,383,738734374912.0,254.7264666736697,398.3876872134488,412.11,381.21,1270.3616912888435,1275.0,1260.0,1963,398.3767678883072,0.0,1270.3678010471203,0.0,/home/cage/wattserve/results/two_gemm_norm_shape_n1_sweep/20260429T112339Z/llama7b_s4096/monitor/g18_n1.csv,/home/cage/wattserve/results/two_gemm_norm_shape_n1_sweep/20260429T112339Z/llama7b_s4096/phase_events/g18_n1.csv,1e-06,20260429T112339Z
llama7b_s4096,80.0,3.389439900716146,24,ok,,2026-04-29T11:25:43.612819Z,4096,4096,11008,bfloat16,24,1,674,30.0,20.0,66.78630065917969,46916.09765625,46.91626715660095,26916.09765625,46916.09765625,20000.0,674,674,287,288,19952.544815063477,27.485184721648693,69.5210620733919,0.0954346691723913,6888,288,738734374912.0,255.02523219756358,398.5209623217923,408.67,380.62,1271.6471486761711,1290.0,1260.0,1964,398.52164094906254,395.365,1271.6699850671978,1275.0,/home/cage/wattserve/results/two_gemm_norm_shape_n1_sweep/20260429T112339Z/llama7b_s4096/monitor/g24_n1.csv,/home/cage/wattserve/results/two_gemm_norm_shape_n1_sweep/20260429T112339Z/llama7b_s4096/phase_events/g24_n1.csv,1e-06,20260429T112339Z
llama7b_s4096,100.0,3.389439900716146,30,ok,,2026-04-29T11:26:32.173008Z,4096,4096,11008,bfloat16,30,1,539,30.0,20.0,83.58707427978516,46993.08203125,46.99327731132507,26993.08203125,46993.08203125,20000.0,539,539,229,230,19932.461059570312,21.96070457994938,87.04131467061272,0.09548132426064948,6870,230,738734374912.0,254.61507941633204,398.1954915944982,408.07,378.63,1270.514518593989,1275.0,1260.0,1963,398.2393953178069,394.345,1270.4930858806406,1267.5,/home/cage/wattserve/results/two_gemm_norm_shape_n1_sweep/20260429T112339Z/llama7b_s4096/monitor/g30_n1.csv,/home/cage/wattserve/results/two_gemm_norm_shape_n1_sweep/20260429T112339Z/llama7b_s4096/phase_events/g30_n1.csv,1e-06,20260429T112339Z
llama7b_s4096,120.0,3.389439900716146,35,ok,,2026-04-29T11:27:20.714456Z,4096,4096,11008,bfloat16,35,1,461,30.0,20.0,97.8124771118164,44233.76953125,44.23394322395325,24233.76953125,44233.76953125,20000.0,461,461,218,219,19930.265625,20.71552048623562,91.4232368119266,0.09459141774536813,7630,219,738734374912.0,282.8132543054634,335.0274300254453,336.21,334.14,1410.0,1410.0,1410.0,1965,335.0245992609582,0.0,1410.0,0.0,/home/cage/wattserve/results/two_gemm_norm_shape_n1_sweep/20260429T112339Z/llama7b_s4096/monitor/g35_n1.csv,/home/cage/wattserve/results/two_gemm_norm_shape_n1_sweep/20260429T112339Z/llama7b_s4096/phase_events/g35_n1.csv,1e-06,20260429T112339Z
llama7b_s4096,150.0,3.389439900716146,44,ok,,2026-04-29T11:28:06.423596Z,4096,4096,11008,bfloat16,44,1,364,30.0,20.0,123.92652893066406,41882.265625,41.88238978385925,21882.265625,41882.265625,20000.0,364,364,173,174,19885.833206176758,16.45158438384533,114.9470127524668,0.09454933553934097,7612,174,738734374912.0,282.77648733790556,335.0616386768448,335.95,334.41,1410.0,1410.0,1410.0,1965,335.0632593273778,334.87,1410.0,1410.0,/home/cage/wattserve/results/two_gemm_norm_shape_n1_sweep/20260429T112339Z/llama7b_s4096/monitor/g44_n1.csv,/home/cage/wattserve/results/two_gemm_norm_shape_n1_sweep/20260429T112339Z/llama7b_s4096/phase_events/g44_n1.csv,1e-06,20260429T112339Z
llama7b_s4096,180.0,3.389439900716146,53,ok,,2026-04-29T11:28:49.729967Z,4096,4096,11008,bfloat16,53,1,300,30.0,20.0,150.35289001464844,41577.5546875,41.57766771316528,21577.5546875,41577.5546875,20000.0,300,300,144,145,19938.45863342285,13.720576323568821,138.4615182876587,0.09462466430047463,7632,145,738734374912.0,282.7711435966954,334.75401731160895,335.95,333.82,1410.0,1410.0,1410.0,1964,334.7522638125763,0.0,1410.0,0.0,/home/cage/wattserve/results/two_gemm_norm_shape_n1_sweep/20260429T112339Z/llama7b_s4096/monitor/g53_n1.csv,/home/cage/wattserve/results/two_gemm_norm_shape_n1_sweep/20260429T112339Z/llama7b_s4096/phase_events/g53_n1.csv,1e-06,20260429T112339Z
llama7b_s4096,210.0,3.389439900716146,62,ok,,2026-04-29T11:29:32.710193Z,4096,4096,11008,bfloat16,62,1,258,30.0,20.0,175.07431030273438,41848.234375,41.848353147506714,21848.234375,41848.234375,20000.0,258,258,123,124,19937.337310791016,11.729920275509357,162.09217325846353,0.09459613125410772,7626,124,738734374912.0,282.5647304482205,330.0268431771894,331.0,328.93,1410.0,1410.0,1410.0,1964,330.0243692411924,330.38,1410.0,1410.0,/home/cage/wattserve/results/two_gemm_norm_shape_n1_sweep/20260429T112339Z/llama7b_s4096/monitor/g62_n1.csv,/home/cage/wattserve/results/two_gemm_norm_shape_n1_sweep/20260429T112339Z/llama7b_s4096/phase_events/g62_n1.csv,1e-06,20260429T112339Z
llama7b_s4096,240.0,3.389439900716146,71,ok,,2026-04-29T11:30:15.956444Z,4096,4096,11008,bfloat16,71,1,224,30.0,20.0,201.25286865234375,41603.921875,41.60404300689697,21603.921875,41603.921875,20000.0,224,224,107,108,19860.68684387207,10.216448239982128,185.61389573712216,0.09459674296279748,7597,108,738734374912.0,282.57658409925904,329.8761691288844,331.0,328.93,1410.0,1410.0,1410.0,1963,329.875347324698,329.53499999999997,1410.0,1410.0,/home/cage/wattserve/results/two_gemm_norm_shape_n1_sweep/20260429T112339Z/llama7b_s4096/monitor/g71_n1.csv,/home/cage/wattserve/results/two_gemm_norm_shape_n1_sweep/20260429T112339Z/llama7b_s4096/phase_events/g71_n1.csv,1e-06,20260429T112339Z
llama7b_s4096,270.0,3.389439900716146,80,ok,,2026-04-29T11:30:58.954641Z,4096,4096,11008,bfloat16,80,1,199,30.0,20.0,226.7310028076172,41639.96875,41.64008450508118,21639.96875,41639.96875,20000.0,199,199,95,96,19867.49641418457,9.063424207270145,209.13154120194284,0.09441066882573068,7600,96,738734374912.0,282.5912803649867,329.89784732824427,334.76,328.93,1410.0,1410.0,1410.0,1965,329.9044927318296,0.0,1410.0,0.0,/home/cage/wattserve/results/two_gemm_norm_shape_n1_sweep/20260429T112339Z/llama7b_s4096/monitor/g80_n1.csv,/home/cage/wattserve/results/two_gemm_norm_shape_n1_sweep/20260429T112339Z/llama7b_s4096/phase_events/g80_n1.csv,1e-06,20260429T112339Z
llama7b_s4096,300.0,3.389439900716146,89,ok,,2026-04-29T11:31:42.000056Z,4096,4096,11008,bfloat16,89,1,179,30.0,20.0,252.03404235839844,41648.60546875,41.64874768257141,21648.60546875,41648.60546875,20000.0,179,179,85,86,19766.726593017578,8.144896194338799,232.5497246237362,0.09470809528300929,7565,86,738734374912.0,282.72387539287246,377.8229543147208,378.9,376.0,1410.0,1410.0,1410.0,1970,377.82003805316594,0.0,1410.0,0.0,/home/cage/wattserve/results/two_gemm_norm_shape_n1_sweep/20260429T112339Z/llama7b_s4096/monitor/g89_n1.csv,/home/cage/wattserve/results/two_gemm_norm_shape_n1_sweep/20260429T112339Z/llama7b_s4096/phase_events/g89_n1.csv,1e-06,20260429T112339Z
llama7b_s4096,450.0,3.4088961283365884,132,ok,,2026-04-29T08:50:22.998323Z,4096,4096,11008,bfloat16,132,1,122,30.0,20.0,369.18475341796875,42092.3125,42.092594146728516,22092.3125,42092.3125,20000.0,122,122,57,58,19659.333587646484,5.498880133032799,344.90058925695587,0.0948082781557379,7524,58,738734374912.0,282.72766276933055,379.2327397959184,380.03,377.71,1410.0,1410.0,1410.0,1960,379.23932925422963,0.0,1410.0,0.0,/home/cage/wattserve/results/two_gemm_norm_shape_n1_sweep/20260429T084814Z/llama7b_s4096/monitor/g132_n1.csv,/home/cage/wattserve/results/two_gemm_norm_shape_n1_sweep/20260429T084814Z/llama7b_s4096/phase_events/g132_n1.csv,1e-06,20260429T084814Z
llama7b_s4096,540.0,3.4088961283365884,158,ok,,2026-04-29T08:51:06.680157Z,4096,4096,11008,bfloat16,158,1,103,30.0,20.0,437.2326354980469,42536.2421875,42.53652477264404,22536.2421875,42536.2421875,20000.0,103,103,48,49,19818.348571777344,4.641792111098766,412.882261912028,0.0947304512469136,7584,49,738734374912.0,282.6956786556389,378.8097348291688,379.76,377.18,1410.0,1410.0,1410.0,1961,378.813153087216,378.63,1410.0,1410.0,/home/cage/wattserve/results/two_gemm_norm_shape_n1_sweep/20260429T084814Z/llama7b_s4096/monitor/g158_n1.csv,/home/cage/wattserve/results/two_gemm_norm_shape_n1_sweep/20260429T084814Z/llama7b_s4096/phase_events/g158_n1.csv,1e-06,20260429T084814Z
llama7b_s4096,600.0,3.4088961283365884,176,ok,,2026-04-29T08:51:50.849155Z,4096,4096,11008,bfloat16,176,1,93,30.0,20.0,484.3212890625,42780.42578125,42.780638456344604,22780.42578125,42780.42578125,20000.0,93,93,43,44,19775.351776123047,4.170752100646496,459.89190177030343,0.09478982046923855,7568,44,738734374912.0,282.71263199900864,378.59865306122447,379.76,376.79,1410.0,1410.0,1410.0,1960,378.59975634504804,0.0,1410.0,0.0,/home/cage/wattserve/results/two_gemm_norm_shape_n1_sweep/20260429T084814Z/llama7b_s4096/monitor/g176_n1.csv,/home/cage/wattserve/results/two_gemm_norm_shape_n1_sweep/20260429T084814Z/llama7b_s4096/phase_events/g176_n1.csv,1e-06,20260429T084814Z
llama7b_s4096,660.0,3.4088961283365884,194,ok,,2026-04-29T08:52:35.308938Z,4096,4096,11008,bfloat16,194,1,85,30.0,20.0,530.9183959960938,43099.15234375,43.0993230342865,23099.15234375,43099.15234375,20000.0,85,85,39,40,19771.368438720703,3.7908480912446976,506.95816509540265,0.09477120228111743,7566,40,738734374912.0,282.6948624172138,379.81253061224487,380.62,378.31,1410.0,1410.0,1410.0,1960,379.8140695534624,380.62,1410.0,1410.0,/home/cage/wattserve/results/two_gemm_norm_shape_n1_sweep/20260429T084814Z/llama7b_s4096/monitor/g194_n1.csv,/home/cage/wattserve/results/two_gemm_norm_shape_n1_sweep/20260429T084814Z/llama7b_s4096/phase_events/g194_n1.csv,1e-06,20260429T084814Z
llama7b_s4096,800.0,3.4088961283365884,235,ok,,2026-04-29T08:53:20.084773Z,4096,4096,11008,bfloat16,235,1,71,30.0,20.0,638.340087890625,43608.63671875,43.60888910293579,23608.63671875,43608.63671875,20000.0,71,71,32,33,19651.026916503906,3.131392076611519,614.0945911407471,0.09489066898822784,7520,33,738734374912.0,282.6968037315464,380.06944841675175,381.02,379.17,1410.0,1410.0,1410.0,1958,380.0754200703899,0.0,1410.0,0.0,/home/cage/wattserve/results/two_gemm_norm_shape_n1_sweep/20260429T084814Z/llama7b_s4096/monitor/g235_n1.csv,/home/cage/wattserve/results/two_gemm_norm_shape_n1_sweep/20260429T084814Z/llama7b_s4096/phase_events/g235_n1.csv,1e-06,20260429T084814Z
llama7b_s4096,1000.0,3.4088961283365884,293,ok,,2026-04-29T08:54:05.466680Z,4096,4096,11008,bfloat16,293,1,57,30.0,20.0,791.1321411132812,43647.6953125,43.6478853225708,23647.6953125,43647.6953125,20000.0,57,57,26,27,19906.13818359375,2.547712057828903,765.6206993689904,0.09435970584551494,7618,27,738734374912.0,282.71071044396945,380.3021028513238,381.21,379.36,1410.0,1410.0,1410.0,1964,380.3032696173907,0.0,1410.0,0.0,/home/cage/wattserve/results/two_gemm_norm_shape_n1_sweep/20260429T084814Z/llama7b_s4096/monitor/g293_n1.csv,/home/cage/wattserve/results/two_gemm_norm_shape_n1_sweep/20260429T084814Z/llama7b_s4096/phase_events/g293_n1.csv,1e-06,20260429T084814Z
llama7b_s4096,1400.0,3.4088961283365884,411,ok,,2026-04-29T08:54:51.017617Z,4096,4096,11008,bfloat16,411,1,41,30.0,20.0,1100.516357421875,44037.62109375,44.03789567947388,24037.62109375,44037.62109375,20000.0,41,41,18,19,19332.12255859375,1.7971200421452522,1074.006808810764,0.0945852653760659,7398,19,738734374912.0,282.6982339385976,380.53675344563555,381.48,379.17,1410.0,1410.0,1410.0,1959,380.5437053681818,0.0,1410.0,0.0,/home/cage/wattserve/results/two_gemm_norm_shape_n1_sweep/20260429T084814Z/llama7b_s4096/monitor/g411_n1.csv,/home/cage/wattserve/results/two_gemm_norm_shape_n1_sweep/20260429T084814Z/llama7b_s4096/phase_events/g411_n1.csv,1e-06,20260429T084814Z
llama7b_s4096,1800.0,3.4088961283365884,528,ok,,2026-04-29T08:55:37.259266Z,4096,4096,11008,bfloat16,528,1,32,30.0,20.0,1406.4578857421875,44154.72265625,44.154945850372314,24154.72265625,44154.72265625,20000.0,32,32,14,15,19316.685913085938,1.4202880337834358,1379.7632795061384,0.09468586891889572,7392,15,738734374912.0,282.69468810124306,380.68675038441825,381.81,379.76,1410.0,1410.0,1410.0,1951,380.6874118389086,0.0,1410.0,0.0,/home/cage/wattserve/results/two_gemm_norm_shape_n1_sweep/20260429T084814Z/llama7b_s4096/monitor/g528_n1.csv,/home/cage/wattserve/results/two_gemm_norm_shape_n1_sweep/20260429T084814Z/llama7b_s4096/phase_events/g528_n1.csv,1e-06,20260429T084814Z
llama7b_s8192,20.0,5.5091203053792315,4,ok,,2026-04-29T11:32:25.158274Z,8192,4096,11008,bfloat16,4,1,1987,30.0,20.0,22.65292739868164,46600.36328125,46.60053825378418,26600.36328125,46600.36328125,20000.0,1987,1987,852,853,19809.487800598145,161.4120967835188,23.250572535913314,0.18922871838630573,3408,853,1477468749824.0,254.1819127321482,397.31697911360163,420.22,375.14,1263.2934284258788,1275.0,1245.0,1963,397.2537010954616,400.1457142857143,1263.3274647887324,1266.4285714285713,/home/cage/wattserve/results/two_gemm_norm_shape_n1_sweep/20260429T112339Z/llama7b_s8192/monitor/g4_n1.csv,/home/cage/wattserve/results/two_gemm_norm_shape_n1_sweep/20260429T112339Z/llama7b_s8192/phase_events/g4_n1.csv,1e-06,20260429T112339Z
llama7b_s8192,30.0,5.583530426025391,5,ok,,2026-04-29T08:56:24.013947Z,8192,4096,11008,bfloat16,5,1,1585,30.0,20.0,28.408832550048828,46479.23828125,46.47944235801697,26479.23828125,46479.23828125,20000.0,1585,1585,682,682,19866.046522140503,128.935936704278,29.129100472346778,0.18905562566609677,3410,682,1477468749824.0,253.60699882006486,395.8372792240939,401.85,388.41,1260.0,1260.0,1260.0,1959,395.848440860215,396.2855555555555,1260.0,1260.0,/home/cage/wattserve/results/two_gemm_norm_shape_n1_sweep/20260429T084814Z/llama7b_s8192/monitor/g5_n1.csv,/home/cage/wattserve/results/two_gemm_norm_shape_n1_sweep/20260429T084814Z/llama7b_s8192/phase_events/g5_n1.csv,1e-06,20260429T084814Z
llama7b_s8192,40.0,5.5091203053792315,7,ok,,2026-04-29T11:33:14.516214Z,8192,4096,11008,bfloat16,7,1,956,30.0,20.0,47.0937614440918,39045.92578125,39.046077251434326,19045.92578125,39045.92578125,20000.0,956,956,490,491,19889.549293518066,92.77952067553997,40.59091692554708,0.1889603272414256,3430,491,1477468749824.0,254.79299390398313,398.7870213849287,412.54,385.24,1265.7586558044807,1275.0,1260.0,1964,398.80283061224486,396.442,1265.7994897959184,1260.0,/home/cage/wattserve/results/two_gemm_norm_shape_n1_sweep/20260429T112339Z/llama7b_s8192/monitor/g7_n1.csv,/home/cage/wattserve/results/two_gemm_norm_shape_n1_sweep/20260429T112339Z/llama7b_s8192/phase_events/g7_n1.csv,1e-06,20260429T112339Z
llama7b_s8192,60.0,5.5091203053792315,11,ok,,2026-04-29T11:33:55.350447Z,8192,4096,11008,bfloat16,11,1,720,30.0,20.0,62.56844711303711,46084.71875,46.08488845825195,26084.71875,46084.71875,20000.0,720,720,312,313,19900.93214416504,59.191296339035034,63.785038923605896,0.18910957296816305,3432,313,1477468749824.0,254.79574085592222,398.20319755600815,421.35,381.21,1266.1328920570265,1275.0,1260.0,1964,398.1879906898657,396.342,1266.0966117216117,1272.0,/home/cage/wattserve/results/two_gemm_norm_shape_n1_sweep/20260429T112339Z/llama7b_s8192/monitor/g11_n1.csv,/home/cage/wattserve/results/two_gemm_norm_shape_n1_sweep/20260429T112339Z/llama7b_s8192/phase_events/g11_n1.csv,1e-06,20260429T112339Z
llama7b_s8192,80.0,5.5091203053792315,15,ok,,2026-04-29T11:34:43.116077Z,8192,4096,11008,bfloat16,15,1,525,30.0,20.0,85.8757095336914,45833.10546875,45.83327078819275,25833.10546875,45833.10546875,20000.0,525,525,229,230,19940.8660736084,43.447296395897865,87.07801778868296,0.1889012886778168,3435,230,1477468749824.0,254.5077599393894,397.814691798268,414.69,377.18,1264.3708609271523,1275.0,1245.0,1963,397.8105458515284,391.015,1264.3868267831149,1260.0,/home/cage/wattserve/results/two_gemm_norm_shape_n1_sweep/20260429T112339Z/llama7b_s8192/monitor/g15_n1.csv,/home/cage/wattserve/results/two_gemm_norm_shape_n1_sweep/20260429T112339Z/llama7b_s8192/phase_events/g15_n1.csv,1e-06,20260429T112339Z
llama7b_s8192,100.0,5.5091203053792315,18,ok,,2026-04-29T11:35:30.504120Z,8192,4096,11008,bfloat16,18,1,448,30.0,20.0,100.55270385742188,46877.35546875,46.87751841545105,26877.35546875,46877.35546875,20000.0,448,448,191,192,19945.82933807373,36.28339220583439,104.42842585378916,0.18897600107205412,3438,192,1477468749824.0,254.66665114790703,397.904320610687,417.58,384.11,1265.030534351145,1275.0,1260.0,1965,397.9435863874346,398.77,1265.0640171346977,1266.0,/home/cage/wattserve/results/two_gemm_norm_shape_n1_sweep/20260429T112339Z/llama7b_s8192/monitor/g18_n1.csv,/home/cage/wattserve/results/two_gemm_norm_shape_n1_sweep/20260429T112339Z/llama7b_s8192/phase_events/g18_n1.csv,1e-06,20260429T112339Z
llama7b_s8192,120.0,5.583530426025391,21,ok,,2026-04-29T08:57:13.319357Z,8192,4096,11008,bfloat16,21,1,320,30.0,20.0,140.9628143310547,39056.65625,39.05685544013977,19056.65625,39056.65625,20000.0,320,320,164,165,19953.300521850586,31.175680220127106,121.66646659664991,0.18894351648561883,3444,165,1477468749824.0,255.01557342964972,398.5939387755102,417.47,381.21,1267.392857142857,1275.0,1245.0,1960,398.5966962305987,399.56,1267.3953713968958,1267.5,/home/cage/wattserve/results/two_gemm_norm_shape_n1_sweep/20260429T084814Z/llama7b_s8192/monitor/g21_n1.csv,/home/cage/wattserve/results/two_gemm_norm_shape_n1_sweep/20260429T084814Z/llama7b_s8192/phase_events/g21_n1.csv,1e-06,20260429T084814Z
llama7b_s8192,120.0,5.5091203053792315,22,ok,,2026-04-29T11:36:18.910118Z,8192,4096,11008,bfloat16,22,1,358,30.0,20.0,125.89363098144531,45732.87109375,45.73305916786194,25732.87109375,45732.87109375,20000.0,358,358,156,157,19894.667350769043,29.669376209378242,127.52991891518617,0.1889769185310716,3432,157,1477468749824.0,254.87597555633204,398.47384536610343,417.9,379.76,1266.2135176651307,1275.0,1260.0,1953,398.4695697731756,403.805,1266.2210305719923,1263.75,/home/cage/wattserve/results/two_gemm_norm_shape_n1_sweep/20260429T112339Z/llama7b_s8192/monitor/g22_n1.csv,/home/cage/wattserve/results/two_gemm_norm_shape_n1_sweep/20260429T112339Z/llama7b_s8192/phase_events/g22_n1.csv,1e-06,20260429T112339Z
llama7b_s8192,150.0,5.5091203053792315,27,ok,,2026-04-29T11:37:06.120551Z,8192,4096,11008,bfloat16,27,1,290,30.0,20.0,155.1841278076172,45408.2578125,45.40841054916382,25408.2578125,45408.2578125,20000.0,290,290,127,128,19857.503143310547,24.179712116718292,156.35829246701218,0.18890400091186166,3429,128,1477468749824.0,255.12977671884067,398.1051806615776,413.82,375.41,1267.351145038168,1275.0,1245.0,1965,398.11032972440944,408.07,1267.3666338582677,1275.0,/home/cage/wattserve/results/two_gemm_norm_shape_n1_sweep/20260429T112339Z/llama7b_s8192/monitor/g27_n1.csv,/home/cage/wattserve/results/two_gemm_norm_shape_n1_sweep/20260429T112339Z/llama7b_s8192/phase_events/g27_n1.csv,1e-06,20260429T112339Z
llama7b_s8192,180.0,5.5091203053792315,33,ok,,2026-04-29T11:37:52.983944Z,8192,4096,11008,bfloat16,33,1,239,30.0,20.0,189.07545471191406,45673.50390625,45.67366981506348,25673.50390625,45673.50390625,20000.0,239,239,104,105,19853.35809326172,19.823616102337837,190.89767397367038,0.18879634383178892,3432,105,1477468749824.0,255.40630081703748,398.49624236252544,413.29,378.9,1268.943482688391,1275.0,1245.0,1964,398.50235829959513,395.16333333333336,1268.9773110661267,1265.0,/home/cage/wattserve/results/two_gemm_norm_shape_n1_sweep/20260429T112339Z/llama7b_s8192/monitor/g33_n1.csv,/home/cage/wattserve/results/two_gemm_norm_shape_n1_sweep/20260429T112339Z/llama7b_s8192/phase_events/g33_n1.csv,1e-06,20260429T112339Z
llama7b_s8192,210.0,5.5091203053792315,38,ok,,2026-04-29T11:38:40.097525Z,8192,4096,11008,bfloat16,38,1,208,30.0,20.0,217.12179565429688,41706.15625,41.70629382133484,21706.15625,41706.15625,20000.0,208,208,101,102,19979.262969970703,19.198976010084152,197.8144848511951,0.18822525500082501,3838,102,1477468749824.0,283.82053283684405,336.2760132382892,339.39,317.97,1410.0,1410.0,1410.0,1964,336.27505445544557,335.605,1410.0,1410.0,/home/cage/wattserve/results/two_gemm_norm_shape_n1_sweep/20260429T112339Z/llama7b_s8192/monitor/g38_n1.csv,/home/cage/wattserve/results/two_gemm_norm_shape_n1_sweep/20260429T112339Z/llama7b_s8192/phase_events/g38_n1.csv,1e-06,20260429T112339Z
llama7b_s8192,240.0,5.5091203053792315,44,ok,,2026-04-29T11:39:23.245331Z,8192,4096,11008,bfloat16,44,1,179,30.0,20.0,251.64492797851562,41062.3828125,41.06249928474426,21062.3828125,41062.3828125,20000.0,179,179,87,88,19940.253646850586,16.57344000041485,229.1983177798918,0.18833454545925965,3828,88,1477468749824.0,283.6348260404178,331.6054707379135,334.49,330.12,1410.0,1410.0,1410.0,1965,331.60549452546456,331.6,1410.0,1410.0,/home/cage/wattserve/results/two_gemm_norm_shape_n1_sweep/20260429T112339Z/llama7b_s8192/monitor/g44_n1.csv,/home/cage/wattserve/results/two_gemm_norm_shape_n1_sweep/20260429T112339Z/llama7b_s8192/phase_events/g44_n1.csv,1e-06,20260429T112339Z
llama7b_s8192,270.0,5.5091203053792315,49,ok,,2026-04-29T11:40:05.765569Z,8192,4096,11008,bfloat16,49,1,161,30.0,20.0,279.64007568359375,41129.88671875,41.13000440597534,21129.88671875,41129.88671875,20000.0,161,161,78,79,19908.81997680664,14.873600050807,255.2412817539313,0.18827341836464556,3822,79,1477468749824.0,283.63738124137103,331.67906313645625,333.82,329.79,1410.0,1410.0,1410.0,1964,331.6804284023669,331.96500000000003,1410.0,1410.0,/home/cage/wattserve/results/two_gemm_norm_shape_n1_sweep/20260429T112339Z/llama7b_s8192/monitor/g49_n1.csv,/home/cage/wattserve/results/two_gemm_norm_shape_n1_sweep/20260429T112339Z/llama7b_s8192/phase_events/g49_n1.csv,1e-06,20260429T112339Z
llama7b_s8192,300.0,5.5091203053792315,54,ok,,2026-04-29T11:40:48.355277Z,8192,4096,11008,bfloat16,54,1,146,30.0,20.0,309.4261779785156,41100.19140625,41.10031509399414,21100.19140625,41100.19140625,20000.0,146,146,71,72,19971.18145751953,13.572096064686775,281.2842458805568,0.18850133423176077,3834,72,1477468749824.0,283.6394631371386,331.4780906313645,333.82,330.12,1410.0,1410.0,1410.0,1964,331.47711155823833,331.7266666666667,1410.0,1410.0,/home/cage/wattserve/results/two_gemm_norm_shape_n1_sweep/20260429T112339Z/llama7b_s8192/monitor/g54_n1.csv,/home/cage/wattserve/results/two_gemm_norm_shape_n1_sweep/20260429T112339Z/llama7b_s8192/phase_events/g54_n1.csv,1e-06,20260429T112339Z
llama7b_s8192,450.0,5.583530426025391,81,ok,,2026-04-29T08:58:36.226341Z,8192,4096,11008,bfloat16,81,1,98,30.0,20.0,463.31494140625,41345.0390625,41.34518122673035,21345.0390625,41345.0390625,20000.0,98,98,47,48,19817.11557006836,9.03270399570465,421.64075680996507,0.1881813332438469,3807,48,1477468749824.0,283.8315955060338,334.6452422233554,336.72,332.69,1410.0,1410.0,1410.0,1961,334.63863543133914,0.0,1410.0,0.0,/home/cage/wattserve/results/two_gemm_norm_shape_n1_sweep/20260429T084814Z/llama7b_s8192/monitor/g81_n1.csv,/home/cage/wattserve/results/two_gemm_norm_shape_n1_sweep/20260429T084814Z/llama7b_s8192/phase_events/g81_n1.csv,1e-06,20260429T084814Z
llama7b_s8192,540.0,5.583530426025391,97,ok,,2026-04-29T08:59:19.206588Z,8192,4096,11008,bfloat16,97,1,82,30.0,20.0,553.3665161132812,41431.23828125,41.431360721588135,21431.23828125,41431.23828125,20000.0,82,82,39,40,19695.936645507812,7.5304960161447525,505.02401655148236,0.1882624004036188,3783,40,1477468749824.0,283.77753143610835,377.01071865443424,379.76,374.28,1410.0,1410.0,1410.0,1962,376.9988323434502,376.32,1410.0,1410.0,/home/cage/wattserve/results/two_gemm_norm_shape_n1_sweep/20260429T084814Z/llama7b_s8192/monitor/g97_n1.csv,/home/cage/wattserve/results/two_gemm_norm_shape_n1_sweep/20260429T084814Z/llama7b_s8192/phase_events/g97_n1.csv,1e-06,20260429T084814Z
llama7b_s8192,600.0,5.583530426025391,107,ok,,2026-04-29T09:00:02.325591Z,8192,4096,11008,bfloat16,107,1,75,30.0,20.0,604.3279418945312,41826.80859375,41.82694101333618,21826.80859375,41826.80859375,20000.0,75,75,35,36,19511.625732421875,6.788096040487289,557.4750209263393,0.18855822334686914,3745,36,1477468749824.0,283.5806992185516,370.5644433094995,376.0,368.48,1410.0,1410.0,1410.0,1958,370.550086021037,0.0,1410.0,0.0,/home/cage/wattserve/results/two_gemm_norm_shape_n1_sweep/20260429T084814Z/llama7b_s8192/monitor/g107_n1.csv,/home/cage/wattserve/results/two_gemm_norm_shape_n1_sweep/20260429T084814Z/llama7b_s8192/phase_events/g107_n1.csv,1e-06,20260429T084814Z
llama7b_s8192,660.0,5.583530426025391,118,ok,,2026-04-29T09:00:45.940101Z,8192,4096,11008,bfloat16,118,1,69,30.0,20.0,661.4517822265625,42423.3203125,42.42345380783081,22423.3203125,42423.3203125,20000.0,69,69,32,33,19666.5478515625,6.2167040556669235,614.5796203613281,0.18838497138384616,3776,33,1477468749824.0,283.6757137777071,371.8597246302907,377.65,368.42,1410.0,1410.0,1410.0,1961,371.88474806803976,370.225,1410.0,1410.0,/home/cage/wattserve/results/two_gemm_norm_shape_n1_sweep/20260429T084814Z/llama7b_s8192/monitor/g118_n1.csv,/home/cage/wattserve/results/two_gemm_norm_shape_n1_sweep/20260429T084814Z/llama7b_s8192/phase_events/g118_n1.csv,1e-06,20260429T084814Z
llama7b_s8192,800.0,5.583530426025391,143,ok,,2026-04-29T09:01:30.152234Z,8192,4096,11008,bfloat16,143,1,57,30.0,20.0,792.474609375,42475.06640625,42.47518515586853,22475.06640625,42475.06640625,20000.0,57,57,26,27,19369.095092773438,5.088256016373634,744.9651958759015,0.18845392653235682,3718,27,1477468749824.0,283.6079220807348,371.2519724770642,377.71,368.8,1410.0,1410.0,1410.0,1962,371.2661586856878,369.66,1410.0,1410.0,/home/cage/wattserve/results/two_gemm_norm_shape_n1_sweep/20260429T084814Z/llama7b_s8192/monitor/g143_n1.csv,/home/cage/wattserve/results/two_gemm_norm_shape_n1_sweep/20260429T084814Z/llama7b_s8192/phase_events/g143_n1.csv,1e-06,20260429T084814Z
llama7b_s8192,1000.0,5.583530426025391,179,ok,,2026-04-29T09:02:14.572020Z,8192,4096,11008,bfloat16,179,1,46,30.0,20.0,982.7747802734375,42898.46875,42.89862036705017,22898.46875,42898.46875,20000.0,46,46,21,22,19578.710998535156,4.150271996855736,932.3195713588169,0.18864872712980618,3759,22,1477468749824.0,283.66550949160757,372.21670582226767,378.04,368.8,1410.0,1410.0,1410.0,1958,372.25473637496617,0.0,1410.0,0.0,/home/cage/wattserve/results/two_gemm_norm_shape_n1_sweep/20260429T084814Z/llama7b_s8192/monitor/g179_n1.csv,/home/cage/wattserve/results/two_gemm_norm_shape_n1_sweep/20260429T084814Z/llama7b_s8192/phase_events/g179_n1.csv,1e-06,20260429T084814Z
llama7b_s8192,1400.0,5.583530426025391,251,ok,,2026-04-29T09:02:59.594664Z,8192,4096,11008,bfloat16,251,1,34,30.0,20.0,1356.3770751953125,44468.5234375,44.46883702278137,24468.5234375,44468.5234375,20000.0,34,34,15,16,19615.919189453125,3.0187520384788513,1307.7279459635417,0.1886720024049282,3765,16,1477468749824.0,283.5793617093527,370.8582008154944,376.59,368.21,1410.0,1410.0,1410.0,1962,370.87269409378877,375.73,1410.0,1410.0,/home/cage/wattserve/results/two_gemm_norm_shape_n1_sweep/20260429T084814Z/llama7b_s8192/monitor/g251_n1.csv,/home/cage/wattserve/results/two_gemm_norm_shape_n1_sweep/20260429T084814Z/llama7b_s8192/phase_events/g251_n1.csv,1e-06,20260429T084814Z
llama7b_s8192,1800.0,5.583530426025391,322,ok,,2026-04-29T09:03:46.545010Z,8192,4096,11008,bfloat16,322,1,27,30.0,20.0,1727.0076904296875,45303.30078125,45.30354309082031,25303.30078125,45303.30078125,20000.0,27,27,11,12,18454.358032226562,2.260992005467415,1677.6689120205965,0.1884160004556179,3542,12,1477468749824.0,283.5749855258016,370.30970903522206,375.73,368.48,1410.0,1410.0,1410.0,1959,370.3500050830211,0.0,1410.0,0.0,/home/cage/wattserve/results/two_gemm_norm_shape_n1_sweep/20260429T084814Z/llama7b_s8192/monitor/g322_n1.csv,/home/cage/wattserve/results/two_gemm_norm_shape_n1_sweep/20260429T084814Z/llama7b_s8192/phase_events/g322_n1.csv,1e-06,20260429T084814Z
